Country_Name,Country_Code,_2004,_2005,_2006,_2007,_2008,_2009,_2010,_2011,_2012,_2013,_2014,_2015
Afghanistan,512,0.071990932205986,0.1194743130227,0.194528689152345,0.266519621358331,0.324725055907852,0.500873081518243,0.552951628220445,0.534570964678492,0.53916613056398,0.597371565113501,0.640259780044726,0.62800600435009
Albania,914,7.77372262773723,9.45255474452555,11.2408759124088,15.1824817518248,19.2335766423358,19.7080291970803,19.8905109489051,20.0729927007299,20.2189781021898,19.8905109489051,18.7956204379562,18.8321167883212
Algeria,612,0.454289720960306,0.465625970928817,0.499634720834348,0.523146942991259,0.552957081797341,0.556735831786845,0.55547624845701,0.578568609503976,0.593263748352045,0.602080831660887,0.610897914969728
Angola,614,0.144381166278976,0.185289163391353,0.289564450148392,0.344108446298227,0.429132910884736,0.498917141252908,0.735541830432341,0.859870056950349,0.960936873345632,1.11815192107163,1.1630705061362
Antigua and Barbuda,311,56.8181818181818,54.5454545454545,54.5454545454545,54.5454545454545,50,47.7272727272727
Argentina,213,1.38159601562471,1.37757656146659,1.39584680763989,1.40827057503773,1.41996353258864,1.42398298674676,1.44371485261392,1.47477427110853,1.5040066649858,1.52629636531723,1.54383580164359,1.56758712166888
Armenia Republic of,911,8.88654724271163,10.1159114857745,11.2399016508606,12.9610115911486,14.1552511415525,14.5064980681419,15.1036178433439,16.2627327010889,17.351598173516,17.7730944854233,18.6160871092378
Aruba,314,100,88.8888888888889,88.8888888888889,88.8888888888889
Australia,193,0.643036590604376,0.652278614477435,0.677010791039142,0.692370774377465,0.705387709409942,0.713197870429429,0.714239225232027,0.71541074938495,0.741704958150554,0.735456829334965,0.722700233003137
Austria,122,11.5524340033907,11.152821506418,10.99539840155,10.9351158904309,10.7534694470682,10.112509234477,9.75036639575587,13.1186859510139,13.9689847346741,13.6918248900413,13.1829252038628,12.4074590154003
Azerbaijan Republic of,912,4.76582155989936,5.05685942414711,5.61491825695512,6.42631521620738,7.41888244762608,8.13342693229406,8.33575300038715,8.58961020106947,8.44443369062886,8.98873685866028,9.64202325215645
Bahamas The,313,10.2897102897103,9.99000999000999,10.0899100899101,10.0899100899101,10.1898101898102,10.0899100899101,10.0899100899101
Bangladesh,513,48.8054083122071,49.5659522163325,50.8027963432435,52.0473227318122,53.3917185219329,56.0190520089114,59.0612276254129,61.8882999154951,64.7537835138665,67.4963509257125,70.4693861872935
Barbados,316,100,100,97.6744186046512,97.6744186046512,104.651162790698,109.302325581395,102.325581395349,111.627906976744
Belarus,913,2.45550022188255,2.33200216930434,2.23262690980779,1.95170034499754,1.75455889600789,1.46435262794596,1.27156234598324,0.832881573111232,0.67517618648662,0.61603666650239
Belgium,124,163.177014531044,154.161162483487,154.524438573316,149.768824306473,146.07001321004,142.173051519155,134.742404227213,131.737120211361,129.590488771466,126.882430647292,122.556142668428,119.253632760898
Belize,339,1.88513809732573,1.92897851819377,1.84129767645769,2.14818062253398,2.2797018851381,2.2797018851381,2.2797018851381,2.2797018851381,2.2797018851381,2.41122314774222,2.41122314774222,2.23586146427006
Benin,638,0.363604114934374,0.434551259311813,0.665129478538489,0.851365732529266,1.0553387726144,1.25931181269954,1.40120610145442,1.55196878325647,1.59631074849237,1.68499467896417,1.79141539553033
Bhutan,514,1.54786578167222,1.54786578167222,1.54786578167222,1.54786578167222,1.60033580816958,1.65280583466695,1.88892095390508,2.20374111288926,1.73151087441299,2.28244615263531,2.25621113938663
Bolivia,218,0.233545647558386,0.272316071263731,0.312932705621711,0.330471706821748,0.359087971937598,0.403397027600849,0.514169666758977,0.568632881011723,0.607403304717068,0.734791839748915,0.984953383181021
Bosnia and Herzegovina,963,17.24609375,19.47265625,20.78125,19.765625,19.21875,19.55078125,19.16015625,19.43359375,19.8046875,17.96875
Botswana,616,0.13763167645969,0.13410265911457,0.14468971114993,0.169392832565772,0.194095953981614,0.197624971326734,0.209976532034655,0.204683006016975,0.209976532034655,0.218799075397456,0.227621618760256,0.215270058052335
Brazil,223,7.27996898831558,7.52404243049291,7.65577030296214,8.02487156233325,8.34097059872173,8.55214198374279,8.73567564075261
Brunei Darussalam,516,10.246679316888,12.9032258064516,11.7647058823529,11.7647058823529,12.1442125237192,12.7134724857685,12.7134724857685,12.9032258064516,12.9032258064516,13.2827324478178,11.9544592030361,12.5237191650854
Bulgaria,918,51.8664950349393,52.0342415316642,51.1552977998711,53.1442776908204,55.160666605285,54.7715549005158,54.1543846720707,35.0773765659543,35.5932203389831,35.0036845983788,34.5983787767133,34.2667649226234
Burkina Faso,748,0.296052631578947,0.339912280701754,0.328947368421053,0.420321637426901,0.482456140350877,0.544590643274854,0.595760233918129,0.668859649122807,0.705409356725146,0.789473684210526
Burundi,618,2.33644859813084,2.49221183800623,2.80373831775701,3.11526479750779,3.30996884735203,3.73831775700935,4.32242990654206,4.86760124610592,5.45171339563863,6.69781931464174,6.93146417445483
Cabo Verde,624,11.4143920595534,11.9106699751861,13.6476426799007,16.3771712158809,20.3473945409429,22.8287841191067,25.8064516129032,25.8064516129032,29.5285359801489,30.0248138957816,30.272952853598
Cambodia,522,1.51824155903014,1.61454792658056,2.09041468388851,2.22637661454793,2.36233854520734,2.53795603897575,2.7588941762973,3.35939270337639
Cameroon,622,0.0973112479109814,0.209430729199721,0.232700810221912,0.249624505510778,0.277125510355186,0.306741977110702,0.4082841488439,0.431554229866091,0.469632544266041,0.516172706310423,0.537327325421506
Canada,156,0.739428449520592,0.748005995484692,0.745476719110662,0.75130505162473,0.763401590804871,0.775608098523013,0.782975990569098,0.784625518639117,0.782536116417093
Central African Republic,626,0.011236315772577,0.011236315772577,0.011236315772577,0.0192622556101319,0.0208674435776429,0.0304985713827089,0.0353141352852419,0.0369193232527529,0.0385245112202639,0.0417348871552859
Chad,628,0.0150889453621347,0.0150889453621347,0.0150889453621347,0.0158831003811944,0.0222363405336722,0.0262071156289708,0.0301778907242694,0.034148665819568,0.034148665819568,0.0389135959339263,0.0524142312579415
Chile,228,2.0241227008387,2.15592603949796,2.31731788275421,2.54192153128581,2.66296541372799,2.9830592361862,3.10410311862838,3.13234669119823,3.15252067160526,3.17000478795802,3.17672944809369
China P.R.: Hong Kong,532,1296.19047619048,1291.42857142857,1299.04761904762,1339.04761904762,1376.19047619048,1369.52380952381,1404.7619047619,1418.09523809524,1404.7619047619,1386.66666666667,1381.90476190476
China P.R.: Macao,546,4750,4892.85714285714,5209.79020979021,5273.97260273973,5479.45205479452,5593.22033898305,5690.23569023569,5886.28762541806,5986.6220735786,6138.61386138614,6402.6402640264,6567.65676567657
China P.R.: Mainland,924,9.25756781563602,9.58702355539304,10.2117432171049
Colombia,233,3.66922036953583,3.17079765660207,8.39747634069401,9.12302839116719,12.7021180712032,21.9504281207751,34.7417755745831,45.4456962595764,82.1207751239297
Comoros,632,1.07469102632993,1.07469102632993,1.07469102632993,2.14938205265986,2.14938205265986,2.68672756582483,2.68672756582483,3.22407307898979,3.76141859215476,4.29876410531972,4.29876410531972
Congo Democratic Republic of,636,0.0582254471670232,0.0595487527844556,0.0608720584018879,0.0666063827440948,0.0679296883615271,0.0718996052138241,0.0921902913477868,0.0966013100725613,0.112922079354227,0.109393264374407,0.138505987957919
Congo Republic of,634,0.04099560761347,0.04099560761347,0.04099560761347,0.0937042459736457,0.117130307467057,0.12298682284041,0.152269399707174,0.190336749633968,0.207906295754026,0.260614934114202
Costa Rica,238,9.57696827262045,10.9674892283588,11.5942028985507,13.2001566784175,13.298080689385,13.298080689385,13.611437524481,15.8049353701528,16.0399529964747,15.9811985898942,16.0791226008617
Cote d'Ivoire,662,0.437106918238994,0.471698113207547,0.522012578616352,0.616352201257862,0.845911949685535,0.962264150943396,1.56289308176101,1.61320754716981,1.74213836477987,1.76415094339623
Croatia,960,19.2280200142959,20.5503931379557,20.6397426733381,21.9085060757684,23.0164403145104,23.8563259471051,23.4810578984989,23.2308791994282,22.9985704074339,22.373123659757,21.854896354539,21.4974982130093
Cyprus,423,58.6580086580087,55.8441558441558,55.3030303030303,56.4935064935065,58.2251082251082,58.5497835497836,57.3593073593074,55.7359307359307,52.9220779220779,40.2597402597403,39.1774891774892,37.7705627705628
Czech Republic,935,23.5568211234792,24.0874967641729,24.7766990291262,24.621359223301,26.2783171521036,26.3689320388349,26.2946659761781,27.0973588814086,27.722387673184,28.2144244464586,28.0849410850706
Denmark,128,51.8265378270092,52.1093565873203,52.6749941079425,54.395474899835,53.3349045486684,48.7862361536649,43.8369078482206,41.7864718359651,37.0256893707283,32.8541126561395,30.6622672637285,27.5041244402545
Djibouti,611,0.431406384814495,0.431406384814495,0.517687661777394,0.517687661777394,0.690250215703192,0.819672131147541,1.03537532355479,1.20793787748059,1.29421915444349,1.25107851596204,1.42364106988783
Dominica,321,16,16,16,16,16,16,16,16,16,16,14.6666666666667
Dominican Republic,243,12.4379139072848,12.6448675496689,12.8725165562914,13.1415562913907,13.5761589403974,14.0521523178808,14.362582781457,15.2317880794702,15.2524834437086,17.239238410596,17.3841059602649,19.1846026490066
Ecuador,248,4.65453374134321,5.50813335480754,5.45176356901272,5.45578998228378,7.00595909164117,9.96939925913996,14.1045256885167,17.796746658077,33.5682074408117,34.8486068610082,34.9090030600741
Egypt,469,1.85644683309056,1.91169822693254,2.01516901903662,2.21708774925913,2.39590135114772,2.51544527600583,2.58275151941333,2.64403033803807,2.67014917876337,2.71736400622834,2.77361997086745
El Salvador,253,21.7181467181467,23.7451737451737,23.2142857142857,25,25.1930501930502
Equatorial Guinea,642,0.392156862745098,0.427807486631016,0.499108734402852,0.53475935828877,0.570409982174688,0.606060606060606,0.677361853832442,0.71301247771836,0.89126559714795,1.03386809269162,1.10516934046346
Estonia,939,5.00117952347252,5.6617126680821,6.10993158763859,6.46378862939373,6.3930172210427,5.42580797357867,5.18990327907525,4.6001415428167,4.22269403161123,3.65652276480302,3.23189431469686,2.90162774239207
Ethiopia,644,0.334,0.377,0.399,0.473,0.542,0.618,0.663,0.957,1.532
Fiji,819,2.84619594964423,3.0103995621237,3.33880678708265,3.61247947454844,3.77668308702791,3.72194854953476,3.72194854953476,3.6672140120416,3.55774493705528,3.77668308702791,4.21455938697318
Finland,172,1.86480186480186,2.05193867165698,2.43004176120483,2.32496958137394,2.33629483382692,2.19151036525173,2.28364593616321,2.23436111750963,2.02375859686071,1.82631873375234,1.81315607621179,1.21754582250156
France,132,20.1236015384447,20.7010789763969,43.4896156740133,42.8065805141392,42.7261454058664,40.4012732920956,40.2606486630616,40.2643012508287,38.1236063196612,37.9649972514277,37.5960858869488,37.3148366288806
Gabon,646,0.135832654170062,0.143594520122637,0.143594520122637,0.162999185004075,0.1862847828618,0.2173322466721,0.384212364652462,0.415259828462762
Gambia The,648,3.16205533596838,3.45849802371542,4.1501976284585,5.03952569169961,6.22529644268775,6.71936758893281,8.49802371541502,8.49802371541502,8.39920948616601,9.09090909090909,9.1897233201581,9.58498023715415
Georgia,915,4.63376025327385,5.31011656353432,6.36062742840697,7.72773060872068,9.88631457763707,9.32508274571881,9.48337890343934,10.4475464095553,12.2751475032379,14.3473881133976,14.1027485969204,13.9732335587854
Germany,134,43.0140207013218,40.8991856864319,33.8495067676073,33.1144061720251,33.1296790293434,32.1677519290898,31.8616059901885,31.5842322699105,28.3554254891835,29.896138176393,29.3567452803122,28.6021690480289
Ghana,652,1.67003603761976,1.815065482992,2.08315021534675,2.72040080864903,2.92695789751253,3.22141161993496,3.48949635228971,3.59497231256043,3.88942603498286,4.10477278720225,4.372857519557
Greece,174,24.6625290923196,25.577967416602,27.7269200930954,29.2940263770365,31.155934833204,30.9619860356866,30.2870442203258,29.0302560124127,27.5019394879752,23.5841737781226,20.3180760279286,19.2319627618309
Grenada,328,79.4117647058823,73.5294117647059,73.5294117647059,73.5294117647059,73.5294117647059,73.5294117647059,73.5294117647059,76.4705882352941,79.4117647058823,79.4117647058823,79.4117647058823,79.4117647058823
Guatemala,258,12.2900335946249,12.5046659201194,12.635311683464,20.7540126913027,23.488241881299,26.1851437103397,27.6315789473684,29.1620007465472,30.5244494214259,31.6909294512878,32.4188129899216,33.2586786114222
Guinea,656,0.146508220739053,0.146508220739053,0.170926257528895,0.19127462152043,0.244180367898421,0.293016441478105,0.329643496662868,0.374409897444245,0.42324597102393,0.484291062998535,0.537196809376526
Guinea-Bissau,654,0.0355618776671408,0.0711237553342817,0.106685633001422,0.142247510668563,0.355618776671408,0.568990042674253,0.604551920341394,0.746799431009957,0.817923186344239,0.924608819345661
Guyana,336,0.147320294640589,0.147320294640589,0.15240030480061,0.15748031496063,0.16256032512065,0.167640335280671,0.172720345440691,0.193040386080772,0.203200406400813,0.218440436880874,0.228600457200914,0.233680467360935
Haiti,263,6.42235123367199,6.53120464441219,6.53120464441219,6.38606676342525,6.42235123367199,6.53120464441219,5.6966618287373,6.16835994194485,6.53120464441219,6.64005805515239
Honduras,268,5.85396371436232,6.34551791938511,7.34650102779516,9.02672267405488,9.8847081955492,9.78639735454464,8.85691303959246,9.25909375279292,10.4656358923943,10.9393153990526,11.1806238269729
Hungary,944,13.0997545190806,14.0832496373173,15.3442696127664,16.4713759625042,17.0963062158241,16.6132773666188,15.7848227107036,15.4423947862587,15.0447365514194,14.3930188887662,14.4482491991605
Iceland,176,2.05486284289277,1.98503740648379,1.8354114713217,1.785536159601,1.7356608478803,1.52618453865337,1.44638403990025,1.31670822942643,1.19700748129676,1.1072319201995,1.04738154613466,0.977556109725686
India,534,22.7556933798378,23.1680450963443,23.4959757028646,24.2766187159246,25.6132302341929,26.9353791718659,28.7146129241656,30.6455356031737,33.2114664720385,35.8429834622073,39.5931642444647
Indonesia,536,4.45580352953515,4.61864570510662,5.10054814332319,5.41519234696976,6.06766506400526,7.15291156289848,7.70547094509183,8.23429401016798,9.24336349133624,10.3103937468605,11.0776839978582
Iran Islamic Republic of,429,8.74888704675939,8.8305547880016,8.96380215529152,9.19468238617175,9.63065303490835,9.67547818611648,9.05161032820607,10.3349605477265,9.6067053513862,9.9290780141844,10.0224125756041,11.4961161769672
Iraq,433,1.25751651919427,1.28723963692068,1.8695892429545,2.10674157303371,2.11825382206668,2.39915269847117,2.45901639344262,2.92180880456806
Ireland,178,16.8239221948033,16.5771519814197,16.693279140659,16.7658586151836,17.3610103062854,17.8400348381478,14.675569748875,14.1675134272028,12.8320510959501,12.0046450863696,11.2498185513137,10.6111191754972
Israel,436,44.916820702403,45.2865064695009,45.7486136783734,46.7652495378928,48.5674676524954,49.445471349353,49.6765249537893,52.4029574861368,53.1423290203327,52.6802218114603,52.3105360443623
Italy,136,94.6046100496362,96.039301013123,98.4123206636296,100.904331270823,107.510029237778,103.012171074998,101.196709050112,100.628952199633,98.2967294485619,93.9314612089481,90.4739239817774,88.2776908954919
Jamaica,343,12.1883656509695,11.9113573407202,12.0036934441367,12.0960295475531,12.5577100646353,12.0960295475531,11.6343490304709,11.5420129270545,11.5420129270545,11.0803324099723,10.1569713758079,10.4339796860572
Japan,158,104.342935528121,103.862825788752,103.286694101509,102.866941015089,102.853223593964,102.825788751715,102.940611713071,103.057151870088,103.116085143735,102.943274083827,102.863726135616,103.598858898398
Jordan,439,7.08295557570263,7.1622846781505,7.12828649138713,7.47960108794198,7.74025385312783,7.94097769767966,8.54922279792746,8.96598332957873,9.28136967785537,9.52917323721559,9.79950439288128
Kazakhstan,916,0.155572841426825,0.16742601029744,0.132236915212801,0.143349261029003,0.154091195317998,0.152609549209171,0.149646256991518,0.154091195317998,0.153720783790792,0.154091195317998,0.160388191280513,0.141126791865763
Kenya,664,0.943528832976069,0.934743648311487,0.997996977896475,1.34061917981516,1.60066064588678,1.76582211758091,1.94328284780546,2.11898654109709,2.31050356678497,2.43349615208912,2.61095688231367
Kiribati,826,4.93827160493827,4.93827160493827
Korea Republic of,542,67.3724437099773,69.9948373773877,72.780759702725,75.588113908378,78.2335360197877,76.9927909371782,77.7332099146354,78.9673968939628,80.1540832049307,79.5969876674943,76.837050869021,75.5955923091129
Kosovo Republic of,967,28.5661798475246,28.5661798475246,28.5661798475246,28.5661798475246,28.5661798475246,28.5661798475246,28.5661798475246,28.5661798475246,28.4743271792046,27.3720951593644,25.4431891246441,25.259483788004
Kuwait,443,11.672278338945,12.962962962963,14.5342312008979,16.3299663299663,17.5084175084175,19.1358024691358,20.2581369248036,21.8294051627385,21.5488215488216,23.6812570145903,24.8035914702581,25.0841750841751
Kyrgyz Republic,917,0.933263816475495,0.985401459854015,1.00625651720542,1.23044838373306,1.32429614181439,1.36079249217935,1.2148070907195,1.43899895724713,1.56934306569343,1.62148070907195,1.65276329509906,1.76225234619395
Lao People's Democratic Republic,544,0.489601386481802,0.506932409012132,0.545927209705373
Latvia,941,9.7433918579973,9.7916264711557,10.1935815808091,11.3351340922246,11.0135700045019,10.4696043743969,9.89717223650386,9.30868167202572,6.89932454165326,5.96558932304229,5.56359543334941
Lebanon,446,83.2844574780059,85.9237536656891,86.4125122189638,88.0742913000978,89.3450635386119,91.6911045943304,94.4281524926686,97.9472140762463,99.3157380254154,101.759530791789,105.083088954057,106.744868035191
Lesotho,666,0.988142292490119,0.955204216073781,0.790513833992095,0.856389986824769,0.922266139657444,0.955204216073781,1.4163372859025,1.44927536231884,1.44927536231884,1.58102766798419,1.58102766798419
Liberia,668,0.228405315614618,0.352990033222591,0.65406976744186,0.840946843853821,0.892857142857143,0.903239202657807,0.965531561461794,0.975913621262459
Libya,672,0.19777896495675,0.204030598906532,0.250065357991293,0.257453652659218,0.260863634813645,0.26882025984064,0.280186867022063,0.281891858099276,0.288711822408129
Lithuania,946,10.5775366943204,11.2795149968092,12.2367581365667,13.0344607530313,12.9238133226965,12.764260071799,12.381332269645
Luxembourg,137,159.459459459459,154.054054054054,149.80694980695,147.876447876448,146.332046332046,143.629343629344,142.857142857143,142.084942084942,140.926640926641,142.471042471042,142.471042471042,141.312741312741
Macedonia FYR,962,11.0892646480535,10.6173810460087,12.2296500196618,13.1985731272295,16.2108600871978,16.9706582077716,17.2878667724029,16.375892149088,16.7724028548771,16.8913560666138,17.0103092783505,16.9310071371927
Madagascar,674,0.189152938748839,0.194311655260171,0.204629088282835,0.235581387350827,0.256216253396155,0.280290263782371,0.300925129827699,0.324856693508882,0.35407660773984,0.381574424200756,0.446888965280165,0.501890684083878
Malawi,676,0.700042426813746,0.689435723377174,0.700042426813746,1.50615188799321,1.73949936359779,1.87738650827323,2.43954179041154,0.933389902418328,2.95927025880356,3.04412388629614,3.12897751378871
Malaysia,548,7.41744026784355,6.86044742048395,6.5499923908081,6.56825445137726,6.63217166336935,6.7143509359306,6.75391873383047,7.13133465225993,7.23177598539035,7.26525642976716,7.31091158119008,7.37787246994369
Maldives,556,70,73.3333333333333,90,96.6666666666667,103.333333333333,106.666666666667,106.666666666667,110,113.333333333333,113.333333333333,116.666666666667,120
Mali,678,0.131946664044124,0.138503020021472,0.151615731976168,0.176202066891222,0.174562977896885,0.202427490800613,0.236848359681689,0.283562396020292,0.329456887861726,0.354862767273949
Malta,181,400,409.375,393.75,409.375,431.25,437.5,434.375,459.375,425,431.25,431.25,462.5
Marshall Islands Republic of,867,22.2222222222222,22.2222222222222,22.2222222222222,27.7777777777778,33.3333333333333,33.3333333333333,33.3333333333333,38.8888888888889,38.8888888888889,38.8888888888889,33.3333333333333
Mauritania,682,0.0795575822256719,0.0824682254778306,0.0853788687299893,0.0873192975647618,0.100902299408169,0.148442805860095,0.16008537886873
Mauritius,684,81.7733990147783,83.2512315270936,85.7142857142857,88.1773399014778,92.1182266009852,100.492610837438,102.463054187192,104.926108374384,107.389162561576,109.852216748768,121.182266009852,120.197044334975
Mexico,273,4.02633812598061,4.126134931454,4.34784845289231,4.88592813601173,5.34838859024152,5.71362432161321,6.01301473803339,6.14882070012089,6.65603539185679,6.76046194603771,6.84379742277322,6.62311273438103
Micronesia Federated States of,868,11.4285714285714,11.4285714285714,11.4285714285714,11.4285714285714,11.4285714285714,14.2857142857143,14.2857142857143,14.2857142857143,14.2857142857143,14.2857142857143,14.2857142857143
Moldova,921,6.41727493917275,6.93219823654606,7.35785953177257,8.23958650045607,9.57737914259653,9.21252660383095,9.37595129375951,10.1978691019787,10.377358490566,10.8880778588808,11.0097323600973,9.12408759124087
Mongolia,948,0.45057802724066,0.481474806251448,0.545843095857257,0.641751847369912,0.705476454079662,0.681660186925513,0.697752259326965,0.852236154380906,0.898581322897088,0.94492649141327,0.965524344087129
Montenegro,943,7.65799256505576,9.1449814126394,9.96282527881041,12.7137546468401,15.3903345724907,16.1338289962825,14.7955390334572,15.0185873605948,15.1672862453532,15.910780669145,15.7620817843866,16.2081784386617
Morocco,686,4.59332287698857,5.01680483979386,5.52991261483307,6.19314362536411,7.07147658525655,9.95742773918889,10.7685413399059,11.4989917096124,12.2473672417656,12.8388976025095,13.2959892449025,13.7978937934125
Mozambique,688,0.253058317861594,0.292479462855108,0.305195961240113,0.363691853811135,0.395483099773646,0.465423840891172,0.549352730232203,0.604033673287723,0.661257916020245,0.684147613113253,0.750273404715278
Myanmar,518,0.921306357319947,0.889249418391086,0.737600807994246,0.757436650752846,0.78064012490242,0.79902035818154,0.829684964638888,0.921489690642747,1.03651534869479,1.54958044956208,1.94616279781956,1.95535003368653
Namibia,728,0.156688408701673,0.159117686355962,0.177337268763133,0.190698295861726,0.196771489997449,0.201630045306028,0.206488600614607,0.212561794750331,0.21499107240462,0.221064266540344,0.235639932466081,0.241713126601805
Nepal,558,2.73456574816882,2.73456574816882,2.8461806766655,3.99023369375654,4.04604115800488,5.42727589815138,6.11789326822463,8.90129054761074,10.408092082316,10.5824904080921,11.0010463899547
Netherlands,138,132.28672985782,110.841232227488,109.626777251185,113.625592417062,110.278436018957,101.749184702046,93.5072635635932,87.1886120996441,80.8422301304864,71.8146718146718,61.3305613305613
New Zealand,196,4.24974364817136,4.32949755041586,4.42064486726672,4.44722950134822,4.47761194029851,4.62572633018116,4.53078120846151,4.48900535490487,4.43963389161065,4.14720291671414,4.04466218525692,4.04466218525692
Nicaragua,278,1.37111517367459,1.78660462024265,2.03589828818348,2.21871364467343,2.50955625727107,2.54279541299651,2.17716470001662,2.34336047864384,2.35998005650656,2.52617583513379,2.64251288017284,2.87518697025096
Niger,692,0.0213152285466172,0.027630851819689,0.026841398910555,0.0386831925475645,0.0489460803663061,0.0497355332754401,0.0607878740033157,0.0726296676403252,0.0892081787321386,0.105786689823952
Nigeria,694,3.93183789540718,3.58707467307882,3.32575732621847,4.69712441121249,5.79619442888984,6.15083939962889,6.39349122171349,6.40117702603292,5.9608902357346,6.21122786213863,6.05970771984145
Norway,142,1.32513792112144,1.22931183178414,1.2347876083177,1.27859382058618,1.22109816698381,1.17181617818177,1.19098139604923,1.18276773124889,1.11158263631261,1.01301865870854,0.98016399950718
Oman,449,1.11147011308562,1.10500807754443,1.1437802907916,1.22455573505654,1.33117932148627,1.44103392568659,1.48949919224556,1.54442649434572,1.59935379644588,1.64458804523425,1.5670436187399
Pakistan,564,9.18171440431714,9.5708800332088,10.0326899128269,10.6384910751349,11.3830946450809,11.7917185554172,12.1588314653383,12.7140410958904,13.4041614777916,14.2447592361976,15.0321710253217
Panama,283,7.47914985203121,7.60021522733387,7.88270110304009,8.03066989507668,8.0575733118106,8.71670702179177,8.66290018832392
Papua New Guinea,853,0.152364969306187,0.154573157267147,0.150156781345228,0.154573157267147,0.154573157267147,0.150156781345228,0.158989533189065,0.17444684891578,0.178863224837698,0.183279600759617,0.183279600759617
Paraguay,288,0.382582431412031,0.377548452051347,0.3926503901334,0.427888245658193,0.581424616159074,0.734960986659955,0.90359929524289,1.02441479989932,1.10244147998993,1.16033224263781,1.23332494336773
Peru,293,0.615625,0.64453125,0.68046875,0.79296875,1.03828125,1.06953125,1.1,1.15625,1.27421875,1.31875,1.39140625,1.43671875
Philippines,566,14.5957004393467,14.5789314820404,14.5789314820404,14.4581949894356,14.9143106281651,15.1591374048362,15.6990978300969,16.2893651272764,17.2552570681155,18.3150551698695,19.5626655934534,20.3239762551565
Poland,964,27.5030196193647,27.6303333006888,28.8195351266649,31.1079916427266,34.3976493633692,34.7100692177093,33.8938226459449,34.3467328478595,35.8631049572203,34.8388360928774,34.8225074295418,32.876130759936
Portugal,182,64.3060109289618,66.1747020881163,68.7875806275282,59.954083306002,62.7528151306439,64.3847581613713,64.6577137242057,62.801615896932,59.8864504858609,56.6812227074236,51.9868995633188
Qatar,453,10.8527131782946,11.8001722652885,13.3505598621878,15.6761412575366,18.6907838070629,21.4470284237726,23.8587424633936,18.9491817398794,20.2411714039621,20.1550387596899,24.2894056847545,20.2411714039621
Romania,968,27.0233852038599,26.2682025646599,25.9851414172134,24.3848361012086,23.1882797895927,22.4709820458201,20.8972742685737
Russian Federation,922,1.98086468476421,2.10812391378265,2.25574468760647,2.50498542533952,2.64397287149498,2.57399612990761,2.60171815493437,2.72115489712015,2.8250208983768,2.83546245405868,2.71718588472645,2.40821353530925
Rwanda,714,0.810701256586948,1.6214025131739,1.58086745034455,2.3915687069315,10.498581272801,11.552492906364,11.8767734089988,13.5792460478314,14.3899473044183,15.6870693149574,15.8086745034455,17.0247263883259
Samoa,862,6.71378091872791,7.06713780918728,8.12720848056537,9.18727915194346,9.18727915194346,10.6007067137809,10.2473498233216,7.42049469964664,7.77385159010601,9.54063604240283,10.2473498233216,9.18727915194346
San Marino,135,966.666666666667,1066.66666666667,1150,1216.66666666667,1216.66666666667,1216.66666666667,1216.66666666667,1150,1166.66666666667,1150,1100,1066.66666666667
Sao Tome and Principe,716,25,30.2083333333333,31.25,35.4166666666667,36.4583333333333,35.4166666666667,35.4166666666667
Saudi Arabia,456,0.571245156278347,0.575896989798529,0.607064274383748,0.637301192264931,0.664747010034005,0.715917178756007,0.749875563453335,0.776391014518372,0.799650182119282,0.833143383464593,0.900129786155213,0.935948904260614
Senegal,722,0.633667480392666,0.825845322806835,0.986859190775464,1.07515711837116,1.34005090115826,1.44393081597673,1.57897470524074,1.73998857320937,1.8802264582143,1.901002441178
Serbia Republic of,942,15.4127601189115,22.17013491882,25.3715984450034,28.3672536016465,31.6487537159844,30.5168076835125,28.8131717356506,27.6240567116396,26.0118911502401,23.0848387834439,20.7637777269609,20.1234850217242
Seychelles,718,56.5217391304348,54.3478260869565,56.5217391304348,56.5217391304348,67.3913043478261,67.3913043478261,69.5652173913043,69.5652173913043,71.7391304347826,74.7252747252747,83.5164835164835,85.7142857142857
Sierra Leone,724,0.471044610695483,0.526461623718482,0.609587143252979,0.748129675810474,0.969797727902466,1.20532003325021,1.30229980604045,1.3715710723192,1.41313383208645
Singapore,576,570.391872278665,576.197387518142,573.487031700288,578.41726618705,584.285714285714,598.571428571429,611.111111111111,609.375,613.314447592068,608.203677510608,611.032531824611,616.690240452617
Slovak Republic,936,23.2848232848233,23.8877338877339,24.5530145530146,24.3451143451143,26.1746361746362,25.0363901018923,24.9526938512404,24.7047080352687,25.3909499251372,25.6820828481118,26.7426384960905,27.0129762102812
Slovenia,961,34.8560079443893,34.2601787487587,34.0615690168818,34.7567030784508,34.0615690168818,34.5084409136048,33.9126117179742,33.5153922542205,33.6643495531281,30.1390268123138,27.8550148957299,27.2591857000993
Solomon Islands,813,0.714540907466952,0.785994998213648,0.821722043586995,0.821722043586995,0.821722043586995,0.821722043586995,0.500178635226867,0.464451589853519,0.464451589853519,0.428724544480171,0.500178635226867,0.500178635226867
South Africa,199,1.25547156435219,1.91082277489716,2.00727068890189,1.66269609014995,2.2051125637834,2.64778375883075,2.90003214930467,3.07891417784336,3.04511619088444,3.14733449290654,3.4399755995021,3.36578489642154
South Sudan,733,0.0853601188212854,0.13502418795367,0.178480248444506
Spain,184,71.8257943026564,74.3933959806848,77.5642310313039,80.8038308188576,81.7361668003208,78.6928969638631,76.142477150457,70.324877970713,66.6939885248196,58.3594890146139,55.1008576397913,53.3435956898103
Sri Lanka,524,19.9808642959656,20.8898102376017,28.0497528304896,31.2230904162016,33.4396428001914,35.6243023441237,38.2395152288311,42.0028703556052,43.9004943390209,45.080529421145,45.9416361026949
St. Kitts and Nevis,361,84.6153846153846,84.6153846153846,84.6153846153846,84.6153846153846,92.3076923076923,92.3076923076923,92.3076923076923,76.9230769230769,80.7692307692308,80.7692307692308,73.0769230769231,73.0769230769231
St. Lucia,362,47.5409836065574,47.5409836065574,47.5409836065574,47.5409836065574,47.5409836065574,47.5409836065574,47.5409836065574,47.5409836065574,47.5409836065574,47.5409836065574,47.5409836065574,45.9016393442623
St. Vincent and the Grenadines,364,43.5897435897436,43.5897435897436,43.5897435897436,43.5897435897436,43.5897435897436,43.5897435897436
Sudan,732,0.183501683501683,0.179292929292929,0.178451178451178,0.182659932659933,0.187289562289562,0.202020202020202,0.242424242424242,0.257154882154882,0.267676767676768,0.28493265993266,0.299242424242424
Suriname,366,0.230769230769231,0.237179487179487,0.237179487179487,0.243589743589744,0.243589743589744,0.25,0.269230769230769,0.269230769230769,0.269230769230769,0.307692307692308,0.314102564102564
Swaziland,734,2.15116279069767,2.2093023255814,2.26744186046512,2.26744186046512,2.32558139534884,2.32558139534884,2.38372093023256,2.73255813953488,2.73255813953488,2.67441860465116,2.67441860465116,3.13953488372093
Sweden,144,4.25500804211142,4.2866890870985,4.35248818053322,4.36711020129649,4.48408636740264,4.34761417361213,4.29643710094068,4.17458692791344,4.2495212844307,4.22742671969362,4.16359797711985
Switzerland,146,89.498987854251,89.4782124601447,88.4682541690918,89.0019232715862,88.2427371191416,87.483550966697,87.0786516853933,85.5602793805041,84.2190505111853,82.7512906164592,81.283530721733,79.1578094948881
Syrian Arab Republic,463,1.48717110638993,1.62335893664542,1.73718891248707,1.92768460030494,2.15094750598998,2.48856458287955,2.80999836628002,2.97337036431956,3.0278276969994,3.04416489680335
Tajikistan,923,1.43612460703058,1.52186338953987,1.57902257787939,1.63618176621892,1.76478993998285,1.78622463561017,1.90768791083167,2.06487567876536,2.28636753358102,2.45070020005716
Tanzania,738,0.282230751862723,0.294648904944683,0.31609844208625,0.391736283585459,0.447053510950553,0.494468277263491,0.513659968390156,0.545269812598781,0.636712576202303,0.762023030029352,0.715737186723865
Thailand,578,7.71594668128169,8.33447513163303,9.25639570161874,10.011939947934,10.743995772084,11.3625242224354,11.6991916068038,12.1376421538883,12.6054532286794,13.1437295699661,13.7113664389595,13.817064338703
Timor-Leste Dem. Rep. of,537,0.403496973772697,0.739744451916611,0.739744451916611,0.739744451916611,0.739744451916611,0.739744451916611,0.739744451916611,1.68123739071957,1.88298587760592,2.21923335574983,2.3537323470074
Togo,742,0.680272108843537,0.717043574186431,0.974443831586689,1.82018753447325,2.46368817797389,2.64754550468836,2.84978856407428,3.08880308880309,3.19911748483177,3.36458907887479
Tonga,866,20.8333333333333,18.0555555555556,18.0555555555556,19.4444444444444,20.8333333333333,19.4444444444444,19.4444444444444,19.4444444444444,18.0555555555556,19.4444444444444
Trinidad and Tobago,369,24.5614035087719,24.5614035087719,25.1461988304094,25.7309941520468,25.9259259259259,26.1208576998051,27.6803118908382,25.9259259259259,26.3157894736842,26.1208576998051,27.8752436647173
Tunisia,744,5.6192070030896,5.86380020597322,6.35942327497425,6.82286302780638,7.30561277033986,7.70468589083419,8.59938208032956,8.94696189495366,9.33959835221421,9.77085478887745,10.427394438723
Turkey,186,9.01342203396437,9.99311357405507,11.3768953912919,11.6939308498889,12.2799267180333,12.7619765341788,13.2830061198238,14.3094733833141,14.5706378389616,14.530358743812
Uganda,746,0.775736950102597,0.84079875882088,0.875832040438417,1.0509984485261,1.6065261998899,1.92683048896452,2.07460602433672,2.08956712547377,2.44364651905047,2.7179333732296,2.90744065429882
Ukraine,926,2.58570097006939,2.6821775000863,2.67881800607567,2.65824314294098,2.56335013464061,2.19913001449976,1.58289028516191,1.08402955188842,0.721535593454395,0.616239729337844,0.510943865221294,0.372850928674998
United Arab Emirates,466,5.92105263157895,5.9688995215311,6.67464114832536,7.60765550239234,8.94736842105263,9.66507177033493,10.3588516746411,10.7894736842105,11.255980861244,11.7105263157895,11.2918660287081
United Kingdom,112,58.8930682428802,57.9878477245484,54.6232381267309,55.0200471210681,54.7637746455586,53.9190660473137,52.8680805843666,51.8621088744678,47.9394866283636,54.9539122886785
United States,111,8.24401435506968,8.49319793231113,8.75329625231393,9.06742254898537,9.28939526117747,9.59101036139152,9.55701170384655,9.57570549947417,9.60095852163779,9.34405548231086,9.0928371059818
Uruguay,298,1.851217003771,1.851217003771,1.94263512741401,1.97120329105245,1.99977145469089,1.98834418923552,2.02833961832933,2.03405325105702,1.92549422923094,1.91406696377557,1.86835790195406,1.84550337104331
Uzbekistan,927,15.8251057827927,16.5890926187118,17.994828396803,18.0724024447579,18.1993417959567,18.4955336154208,18.6436295251528,18.7588152327221,19.010343206394,19.2289609779031,19.4240714621533,19.5815702867889
Vanuatu,846,1.96882690730107,1.96882690730107,2.05086136177194,2.29696472518458,2.29696472518458,2.29696472518458,2.46103363412633,2.54306808859721,2.78917145200984,2.87120590648072,3.03527481542248
Venezuela Republica Bolivariana de,299,3.49526670823649,3.75829034635225,3.84785443002097,4.16302930672864,3.97256391361034,3.9374185136897,4.03605237798311,4.08480244884077,4.11768040360524,4.03831982313928
Vietnam,582,6.98229432063728,6.95971877318025,7.76921340342503,6.91134260005805,8.20459896152482,8.67868545812236
West Bank and Gaza,487,25.4152823920266,26.0797342192691,28.2392026578073,30.0664451827243,35.0498338870432,38.0398671096346,38.2059800664452,40.531561461794,41.3621262458472,42.1926910299003,45.6810631229236,48.1727574750831
Yemen Republic of,474,0.352292743905904,0.388279637100593,0.418584389264542,0.446995094418243,0.462147470500218,0.479193893592439,0.473511752561699,0.467829611530958,0.467829611530958,0.475405799571945,0.482981987612933,0.482981987612933
Zambia,754,0.250205141312097,0.246169574516741,0.256931085971025,0.289215620333876,0.330916477219225,0.357820255854935,0.382033656627073,0.410282624194568,0.447947914284561,0.489648771169911,0.535385194850617,0.551527462032042
Zimbabwe,698,0.524751195553832,0.716039808711387,0.677265089828099,0.762569471371333,0.641075352203696,0.860798759208996,0.920253328163371,1.2071862478997,2.55137650252036,2.73232519064237,2.98565335401318
