Country_Name,Population,Area
Afghanistan,32564342,652230
Albania,3029278,28748
Algeria,39542166,2381741
American Samoa,54343,199
Andorra,85580,468
Angola,19625353,1246700
Anguilla,16418,91
Antarctica,0,14000000
Antigua and Barbuda,92436,443
Argentina,43431886,2780400
Armenia,3056382,29743
Aruba,112162,180
Australia,22751014,7741220
Austria,8665550,83871
Azerbaijan,9780780,86600
Bahamas,324597,13880
Bahrain,1346613,760
Bangladesh,168957745,143998
Barbados,290604,430
Belarus,9589689,207600
Belgium,11323973,30528
Belize,347369,22966
Benin,10448647,112622
Bermuda,70196,54
Bhutan,741919,38394
Bolivia,10800882,1098581
Bosnia and Herzegovina,3867055,51197
Botswana,2182719,581730
Bouvet Island,0,49
Brazil,204259812,8514877
British Indian Ocean Territory,0,54400
British Virgin Islands,33454,151
Brunei,429646,5765
Bulgaria,7186893,110879
Burkina Faso,18931686,274200
Burma,56320206,676578
Burundi,10742276,27830
Cambodia,15708756,181035
Cameroon,23739218,475440
Canada,35099836,9984670
Cape Verde,545993,4033
Cayman Islands,56092,264
Central African Republic,5391539,622984
Chad,11631456,1284000
Chile,17508260,756102
China,1367485388,9596960
Christmas Island,1530,135
Cocos Islands,596,14
Colombia,46736728,1138910
Comoros,780971,2235
Cook Islands,9838,236
Costa Rica,4814144,51100
Croatia,4464844,56594
Cuba,11031433,110860
Curacao,146836,444
Cyprus,1189197,9251
Czech Republic,10644842,78867
Democratic Republic of the Congo,79375136,2344858
Denmark,5581503,43094
Djibouti,828324,23200
Dominica,73607,751
Dominican Republic,10478756,48670
Ecuador,15868396,283561
Egypt,88487396,1001450
El Salvador,6141350,21041
Equatorial Guinea,740743,28051
Eritrea,6527689,117600
Estonia,1265420,45228
Ethiopia,99465819,1104300
Falkland Islands,3361,12173
Faroe Islands,50196,1393
Fiji,909389,18274
Finland,5476922,338145
France,66553766,643801
French Guiana,181000,83534
French Polynesia,282703,4167
French Southern and Antarctic Lands,0,439672
Gabon,1705336,267667
Gambia,1967709,11295
Georgia,4931226,69700
Germany,80854408,357022
Ghana,26327649,238533
Gibraltar,29258,7
Greece,10775643,131957
Greenland,57733,2166086
Grenada,110694,344
Guadeloupe,456000,1628
Guam,161785,544
Guatemala,14918999,108889
Guernsey,66080,78
Guinea,11780162,245857
Guinea-Bissau,1726170,36125
Guyana,735222,214969
Haiti,10110019,27750
Heard Island and McDonald Islands,0,412
Holy See (Vatican City),842,0
Honduras,8746673,112090
Hong Kong,7141106,1108
Hungary,9897541,93028
Iceland,331918,103000
India,1251695584,3287263
Indonesia,255993674,1904569
Iran,81824270,1648195
Iraq,37056169,438317
Ireland,4892305,70273
Isle of Man,87545,572
Israel,8049314,20770
Italy,61855120,301340
Ivory Coast,23295302,322463
Jamaica,2950210,10991
Japan,126919659,377915
Jersey,97294,116
Jordan,8117564,89342
Kazakhstan,18157122,2724900
Kenya,45925301,580367
Kiribati,105711,811
Kosovo,1870981,10887
Kuwait,2788534,17818
Kyrgyzstan,5664939,199951
Laos,6911544,236800
Latvia,1986705,64589
Lebanon,6184701,10400
Lesotho,1947701,30355
Liberia,4195666,111369
Libya,6411776,1759540
Liechtenstein,37624,160
Lithuania,2884433,65300
Luxembourg,570252,2586
Macau,592731,28
Macedonia,2096015,25713
Madagascar,23812681,587041
Malawi,17964697,118484
Malaysia,30513848,329847
Maldives,393253,298
Mali,16955536,1240192
Malta,413965,316
Marshall Islands,72191,181
Martinique,395000,1128
Mauritania,3596702,1030700
Mauritius,1339827,2040
Mayotte,223765,374
Mexico,121736809,1964375
Micronesia Federated States of,105216,702
Moldova,3546847,33851
Monaco,30535,2
Mongolia,2992908,1564116
Montenegro,647073,13812
Montserrat,5241,102
Morocco,33322699,446550
Mozambique,25303113,799380
Namibia,2212307,824292
Nauru,9540,21
Nepal,31551305,147181
Netherlands Antilles,227049,800
Netherlands,16947904,41543
New Caledonia,271615,18575
New Zealand,4438393,267710
Nicaragua,5907881,130370
Niger,18045729,1267000
Nigeria,181562056,923768
Niue,1190,260
Norfolk Island,2210,36
North Korea,24983205,120538
Northern Mariana Islands,52344,464
Norway,5207689,323802
Oman,3286936,309500
Pakistan,199085847,796095
Palau,21265,459
Palestine,2731052,5860
Panama,3657024,75420
Papua New Guinea,6672429,462840
Paraguay,6783272,406752
Peru,30444999,1285216
Philippines,100998376,300000
Pitcairn Islands,48,47
Poland,38562189,312685
Portugal,10825309,92090
Puerto Rico,3598357,13790
Qatar,2194817,11586
Republic of the Congo,4755097,342000
Reunion,699000,2512
Romania,21666350,238391
Russia,142423773,17098242
Rwanda,12661733,26338
Saint Barthelemy,7237,21
Saint Helena Ascension and Tristan da Cunha,7795,308
Saint Kitts and Nevis,51936,261
Saint Lucia,163922,616
Saint Martin,39689,54
Saint Pierre and Miquelon,5657,242
Saint Vincent and the Grenadines,102627,389
Samoa,197773,2831
San Marino,33020,61
Sao Tome and Principe,194006,964
Saudi Arabia,27752316,2149690
Senegal,13975834,196722
Serbia,7176794,77474
Seychelles,92430,455
Sierra Leone,5879098,71740
Singapore,5674472,697
Slovakia,5445027,49035
Slovenia,1983412,20273
Solomon Islands,622469,28896
Somalia,10616380,637657
South Africa,53675563,1219090
South Georgia and South Sandwich Islands,30,3903
South Korea,49115196,99720
South Sudan,12042910,644329
Spain,48146134,505370
Sri Lanka,22053488,65610
Sudan,36108853,1861484
Suriname,579633,163820
Svalbard,1872,377
Swaziland,1435613,17364
Sweden,9801616,450295
Switzerland,8121830,41277
Syria,17064854,185180
Taiwan,23415126,35980
Tajikistan,8191958,143100
Tanzania,51045882,947300
Thailand,67976405,513120
Timor-Leste,1231116,14874
Togo,7552318,56785
Tokelau,1337,12
Tonga,106501,747
Trinidad and Tobago,1222363,5128
Tunisia,11037225,163610
Turkey,79414269,783562
Turkmenistan,5231422,488100
Turks and Caicos Islands,50280,948
Tuvalu,10869,26
Uganda,37101745,241038
Ukraine,44429471,603550
United Arab Emirates,5779760,83600
United Kingdom,64088222,243610
United States,321368864,9826675
Uruguay,3341893,176215
Uzbekistan,29199942,447400
Vanuatu,272264,12189
Venezuela,29275460,912050
Vietnam,94348835,331210
Virgin Islands,103574,1910
Wallis and Futuna,15613,142
Western Sahara,570866,266000
Yemen,26737317,527968
Zambia,15066266,752618
Zimbabwe,14229541,390757
