,Country_Name,Country_Code,_2004,_2005,_2006,_2007,_2008,_2009,_2010,_2011,_2012,_2013,_2014,_2015,Population,Area
30,Canada,156,0.7394284495205921,0.748005995484692,0.745476719110662,0.7513050516247299,0.763401590804871,0.775608098523013,0.782975990569098,0.784625518639117,0.782536116417093,,,,35099836.0,9984670.0
176,United States,111,8.24401435506968,8.49319793231113,8.75329625231393,9.06742254898537,9.289395261177471,9.59101036139152,9.557011703846552,9.57570549947417,9.60095852163779,9.344055482310859,9.0928371059818,,321368864.0,9826675.0
22,Brazil,223,7.27996898831558,7.52404243049291,7.65577030296214,8.02487156233325,8.34097059872173,8.552141983742791,8.73567564075261,,,,,,204259812.0,8514877.0
8,Australia,193,0.643036590604376,0.6522786144774351,0.6770107910391422,0.692370774377465,0.705387709409942,0.7131978704294291,0.714239225232027,0.71541074938495,0.7417049581505542,0.7354568293349649,0.7227002330031371,,22751014.0,7741220.0
74,India,534,22.755693379837798,23.1680450963443,23.495975702864598,24.276618715924602,25.6132302341929,26.935379171865897,28.714612924165603,30.6455356031737,33.211466472038495,35.8429834622073,39.5931642444647,,1251695584.0,3287263.0
5,Argentina,213,1.38159601562471,1.3775765614665902,1.39584680763989,1.40827057503773,1.41996353258864,1.42398298674676,1.44371485261392,1.47477427110853,1.5040066649858002,1.52629636531723,1.54383580164359,1.56758712166888,43431886.0,2780400.0
84,Kazakhstan,916,0.155572841426825,0.16742601029744,0.13223691521280098,0.14334926102900303,0.15409119531799803,0.152609549209171,0.149646256991518,0.15409119531799803,0.153720783790792,0.15409119531799803,0.160388191280513,0.141126791865763,18157122.0,2724900.0
2,Algeria,612,0.454289720960306,0.465625970928817,0.49963472083434796,0.523146942991259,0.552957081797341,0.5567358317868449,0.55547624845701,0.5785686095039762,0.5932637483520451,0.6020808316608871,0.610897914969728,,39542166.0,2381741.0
141,Saudi Arabia,456,0.571245156278347,0.5758969897985289,0.607064274383748,0.6373011922649311,0.6647470100340049,0.7159171787560071,0.7498755634533351,0.7763910145183721,0.7996501821192821,0.833143383464593,0.900129786155213,0.9359489042606141,27752316.0,2149690.0
109,Mexico,273,4.02633812598061,4.126134931454,4.34784845289231,4.885928136011731,5.34838859024152,5.71362432161321,6.01301473803339,6.14882070012089,6.65603539185679,6.76046194603771,6.8437974227732195,6.6231127343810305,121736809.0,1964375.0
75,Indonesia,536,4.45580352953515,4.61864570510662,5.1005481433231905,5.41519234696976,6.06766506400526,7.152911562898481,7.705470945091831,8.23429401016798,9.243363491336241,10.3103937468605,11.0776839978582,,255993674.0,1904569.0
157,Sudan,732,0.18350168350168303,0.17929292929292898,0.178451178451178,0.18265993265993302,0.18728956228956198,0.202020202020202,0.24242424242424201,0.25715488215488197,0.267676767676768,0.28493265993266,0.299242424242424,,36108853.0,1861484.0
96,Libya,672,0.19777896495675001,0.20403059890653197,0.250065357991293,0.257453652659218,0.260863634813645,0.26882025984064,0.28018686702206297,0.281891858099276,0.288711822408129,,,,6411776.0,1759540.0
112,Mongolia,948,0.45057802724066,0.481474806251448,0.545843095857257,0.641751847369912,0.705476454079662,0.681660186925513,0.6977522593269649,0.8522361543809059,0.898581322897088,0.9449264914132701,0.9655243440871291,,2992908.0,1564116.0
130,Peru,293,0.615625,0.64453125,0.68046875,0.79296875,1.03828125,1.06953125,1.1,1.15625,1.27421875,1.31875,1.39140625,1.43671875,30444999.0,1285216.0
32,Chad,628,0.0150889453621347,0.0150889453621347,0.0150889453621347,0.0158831003811944,0.0222363405336722,0.0262071156289708,0.0301778907242694,0.034148665819568,0.034148665819568,0.0389135959339263,0.0524142312579415,,11631456.0,1284000.0
122,Niger,692,0.0213152285466172,0.027630851819689,0.026841398910555002,0.0386831925475645,0.0489460803663061,0.0497355332754401,0.0607878740033157,0.0726296676403252,0.0892081787321386,0.10578668982395201,,,18045729.0,1267000.0
3,Angola,614,0.144381166278976,0.185289163391353,0.289564450148392,0.344108446298227,0.42913291088473604,0.498917141252908,0.735541830432341,0.859870056950349,0.9609368733456322,1.1181519210716298,1.1630705061361999,,19625353.0,1246700.0
104,Mali,678,0.131946664044124,0.13850302002147197,0.151615731976168,0.176202066891222,0.17456297789688502,0.202427490800613,0.236848359681689,0.283562396020292,0.329456887861726,0.35486276727394894,,,16955536.0,1240192.0
150,South Africa,199,1.2554715643521899,1.91082277489716,2.00727068890189,1.6626960901499501,2.2051125637833997,2.64778375883075,2.90003214930467,3.0789141778433597,3.04511619088444,3.14733449290654,3.4399755995021004,3.3657848964215398,53675563.0,1219090.0
37,Colombia,233,3.66922036953583,3.17079765660207,8.397476340694011,9.123028391167189,12.702118071203198,21.950428120775104,34.7417755745831,45.445696259576394,82.1207751239297,,,,46736728.0,1138910.0
55,Ethiopia,644,0.33399999999999996,0.377,0.39899999999999997,0.473,0.542,0.618,0.6629999999999999,0.9570000000000001,1.5319999999999998,,,,99465819.0,1104300.0
19,Bolivia,218,0.23354564755838603,0.27231607126373103,0.312932705621711,0.330471706821748,0.359087971937598,0.40339702760084895,0.514169666758977,0.568632881011723,0.607403304717068,0.7347918397489149,0.9849533831810211,,10800882.0,1098581.0
107,Mauritania,682,0.0795575822256719,0.0824682254778306,0.0853788687299893,0.0873192975647618,0.100902299408169,0.148442805860095,0.16008537886873,,,,,,3596702.0,1030700.0
51,Egypt,469,1.8564468330905601,1.91169822693254,2.01516901903662,2.2170877492591297,2.39590135114772,2.5154452760058303,2.58275151941333,2.64403033803807,2.67014917876337,2.7173640062283395,2.77361997086745,,88487396.0,1001450.0
164,Tanzania,738,0.282230751862723,0.294648904944683,0.31609844208625,0.391736283585459,0.44705351095055296,0.494468277263491,0.513659968390156,0.545269812598781,0.6367125762023029,0.762023030029352,0.715737186723865,,51045882.0,947300.0
123,Nigeria,694,3.93183789540718,3.58707467307882,3.3257573262184703,4.69712441121249,5.79619442888984,6.1508393996288895,6.39349122171349,6.4011770260329195,5.9608902357346,6.21122786213863,6.059707719841451,,181562056.0,923768.0
117,Namibia,728,0.156688408701673,0.15911768635596202,0.177337268763133,0.19069829586172604,0.19677148999744895,0.20163004530602802,0.206488600614607,0.21256179475033102,0.21499107240461998,0.22106426654034397,0.235639932466081,0.24171312660180497,2212307.0,824292.0
115,Mozambique,688,0.253058317861594,0.29247946285510806,0.30519596124011306,0.363691853811135,0.395483099773646,0.46542384089117206,0.5493527302322029,0.604033673287723,0.6612579160202451,0.684147613113253,0.750273404715278,,25303113.0,799380.0
126,Pakistan,564,9.181714404317141,9.5708800332088,10.0326899128269,10.638491075134901,11.3830946450809,11.7917185554172,12.158831465338302,12.7140410958904,13.4041614777916,14.2447592361976,15.032171025321698,,199085847.0,796095.0
171,Turkey,186,9.01342203396437,9.993113574055071,11.3768953912919,11.693930849888899,12.279926718033302,12.761976534178801,13.283006119823801,14.3094733833141,14.570637838961598,14.530358743812,,,79414269.0,783562.0
33,Chile,228,2.0241227008386997,2.15592603949796,2.31731788275421,2.5419215312858103,2.66296541372799,2.9830592361862003,3.10410311862838,3.13234669119823,3.15252067160526,3.1700047879580198,3.1767294480936896,,17508260.0,756102.0
184,Zambia,754,0.250205141312097,0.24616957451674104,0.256931085971025,0.28921562033387604,0.33091647721922496,0.357820255854935,0.382033656627073,0.410282624194568,0.44794791428456104,0.489648771169911,0.535385194850617,0.551527462032042,15066266.0,752618.0
0,Afghanistan,512,0.07199093220598599,0.1194743130227,0.19452868915234497,0.266519621358331,0.324725055907852,0.500873081518243,0.552951628220445,0.5345709646784921,0.53916613056398,0.597371565113501,0.6402597800447261,0.6280060043500899,32564342.0,652230.0
151,South Sudan,733,0.0853601188212854,0.13502418795367,0.178480248444506,,,,,,,,,,12042910.0,644329.0
58,France,132,20.1236015384447,20.7010789763969,43.4896156740133,42.806580514139206,42.7261454058664,40.4012732920956,40.2606486630616,40.2643012508287,38.1236063196612,37.964997251427704,37.59608588694879,37.3148366288806,66553766.0,643801.0
31,Central African Republic,626,0.011236315772577,0.011236315772577,0.011236315772577,0.0192622556101319,0.0208674435776429,0.0304985713827089,0.0353141352852419,0.0369193232527529,0.0385245112202639,0.0417348871552859,,,5391539.0,622984.0
173,Ukraine,926,2.5857009700693903,2.6821775000862997,2.67881800607567,2.65824314294098,2.56335013464061,2.19913001449976,1.58289028516191,1.08402955188842,0.7215355934543951,0.616239729337844,0.510943865221294,0.372850928674998,44429471.0,603550.0
100,Madagascar,674,0.18915293874883898,0.19431165526017102,0.204629088282835,0.235581387350827,0.256216253396155,0.28029026378237104,0.300925129827699,0.324856693508882,0.35407660773984,0.38157442420075605,0.44688896528016503,0.501890684083878,23812681.0,587041.0
21,Botswana,616,0.13763167645969,0.13410265911457,0.14468971114992998,0.169392832565772,0.194095953981614,0.19762497132673398,0.209976532034655,0.204683006016975,0.209976532034655,0.21879907539745602,0.22762161876025602,0.215270058052335,2182719.0,581730.0
85,Kenya,664,0.9435288329760692,0.934743648311487,0.997996977896475,1.3406191798151599,1.60066064588678,1.7658221175809101,1.94328284780546,2.11898654109709,2.3105035667849703,2.4334961520891203,2.61095688231367,,45925301.0,580367.0
165,Thailand,578,7.71594668128169,8.334475131633031,9.256395701618741,10.011939947934,10.743995772084,11.3625242224354,11.6991916068038,12.137642153888303,12.6054532286794,13.1437295699661,13.711366438959502,13.817064338703,67976405.0,513120.0
152,Spain,184,71.8257943026564,74.3933959806848,77.5642310313039,80.80383081885759,81.7361668003208,78.69289696386309,76.142477150457,70.32487797071299,66.6939885248196,58.35948901461389,55.1008576397913,53.34359568981029,48146134.0,505370.0
29,Cameroon,622,0.0973112479109814,0.209430729199721,0.232700810221912,0.24962450551077803,0.27712551035518607,0.30674197711070195,0.4082841488439,0.431554229866091,0.469632544266041,0.5161727063104229,0.537327325421506,,23739218.0,475440.0
128,Papua New Guinea,853,0.15236496930618698,0.15457315726714702,0.150156781345228,0.15457315726714702,0.15457315726714702,0.150156781345228,0.158989533189065,0.17444684891578,0.178863224837698,0.18327960075961702,0.18327960075961702,,6672429.0,462840.0
160,Sweden,144,4.25500804211142,4.2866890870985,4.3524881805332205,4.367110201296491,4.484086367402639,4.34761417361213,4.29643710094068,4.17458692791344,4.2495212844307,4.227426719693621,4.16359797711985,,9801616.0,450295.0
178,Uzbekistan,927,15.825105782792699,16.5890926187118,17.994828396803,18.0724024447579,18.1993417959567,18.4955336154208,18.6436295251528,18.7588152327221,19.010343206394,19.228960977903103,19.4240714621533,19.581570286788896,29199942.0,447400.0
114,Morocco,686,4.59332287698857,5.016804839793861,5.52991261483307,6.193143625364111,7.07147658525655,9.95742773918889,10.768541339905902,11.498991709612401,12.2473672417656,12.838897602509501,13.2959892449025,13.797893793412499,33322699.0,446550.0
77,Iraq,433,1.25751651919427,1.28723963692068,1.8695892429545,2.10674157303371,2.11825382206668,2.39915269847117,2.45901639344262,2.92180880456806,,,,,37056169.0,438317.0
129,Paraguay,288,0.38258243141203097,0.37754845205134707,0.39265039013340003,0.427888245658193,0.581424616159074,0.7349609866599549,0.90359929524289,1.02441479989932,1.10244147998993,1.1603322426378102,1.23332494336773,,6783272.0,406752.0
185,Zimbabwe,698,0.5247511955538321,0.7160398087113871,0.677265089828099,0.762569471371333,0.641075352203696,0.860798759208996,0.9202533281633709,1.2071862478997,2.55137650252036,2.73232519064237,2.98565335401318,,14229541.0,390757.0
82,Japan,158,104.34293552812099,103.862825788752,103.286694101509,102.866941015089,102.853223593964,102.825788751715,102.94061171307101,103.057151870088,103.116085143735,102.943274083827,102.86372613561599,103.59885889839799,126919659.0,377915.0
62,Germany,134,43.01402070132179,40.8991856864319,33.8495067676073,33.114406172025106,33.1296790293434,32.167751929089796,31.861605990188497,31.584232269910498,28.355425489183503,29.896138176393,29.3567452803122,28.602169048028898,80854408.0,357022.0
57,Finland,172,1.86480186480186,2.05193867165698,2.43004176120483,2.32496958137394,2.3362948338269196,2.1915103652517303,2.28364593616321,2.23436111750963,2.02375859686071,1.82631873375234,1.8131560762117902,1.21754582250156,5476922.0,338145.0
181,Vietnam,582,6.98229432063728,6.95971877318025,7.769213403425031,6.91134260005805,8.20459896152482,8.678685458122361,,,,,,,94348835.0,331210.0
102,Malaysia,548,7.417440267843549,6.8604474204839505,6.549992390808099,6.56825445137726,6.632171663369349,6.7143509359306,6.75391873383047,7.1313346522599295,7.23177598539035,7.2652564297671605,7.310911581190081,7.37787246994369,30513848.0,329847.0
124,Norway,142,1.32513792112144,1.2293118317841398,1.2347876083176998,1.27859382058618,1.2210981669838101,1.17181617818177,1.19098139604923,1.1827677312488898,1.11158263631261,1.0130186587085401,0.98016399950718,,5207689.0,323802.0
132,Poland,964,27.5030196193647,27.6303333006888,28.8195351266649,31.107991642726603,34.3976493633692,34.710069217709304,33.8938226459449,34.3467328478595,35.863104957220294,34.8388360928774,34.8225074295418,32.876130759936,38562189.0,312685.0
125,Oman,449,1.1114701130856202,1.10500807754443,1.1437802907916002,1.2245557350565401,1.33117932148627,1.44103392568659,1.48949919224556,1.5444264943457202,1.59935379644588,1.64458804523425,1.5670436187399,,3286936.0,309500.0
80,Italy,136,94.60461004963621,96.039301013123,98.41232066362959,100.90433127082301,107.510029237778,103.012171074998,101.196709050112,100.628952199633,98.29672944856189,93.9314612089481,90.4739239817774,88.2776908954919,61855120.0,301340.0
131,Philippines,566,14.5957004393467,14.578931482040401,14.578931482040401,14.458194989435599,14.914310628165099,15.1591374048362,15.6990978300969,16.2893651272764,17.255257068115498,18.3150551698695,19.5626655934534,20.3239762551565,100998376.0,300000.0
50,Ecuador,248,4.65453374134321,5.50813335480754,5.451763569012719,5.455789982283781,7.00595909164117,9.96939925913996,14.1045256885167,17.796746658076998,33.5682074408117,34.8486068610082,34.9090030600741,,15868396.0,283561.0
25,Burkina Faso,748,0.296052631578947,0.33991228070175394,0.328947368421053,0.42032163742690104,0.482456140350877,0.544590643274854,0.595760233918129,0.668859649122807,0.705409356725146,0.7894736842105259,,,18931686.0,274200.0
120,New Zealand,196,4.24974364817136,4.3294975504158595,4.42064486726672,4.44722950134822,4.47761194029851,4.62572633018116,4.53078120846151,4.4890053549048705,4.439633891610651,4.14720291671414,4.04466218525692,4.04466218525692,4438393.0,267710.0
59,Gabon,646,0.135832654170062,0.143594520122637,0.143594520122637,0.162999185004075,0.18628478286179997,0.21733224667210002,0.384212364652462,0.415259828462762,,,,,1705336.0,267667.0
67,Guinea,656,0.146508220739053,0.146508220739053,0.17092625752889498,0.19127462152043,0.244180367898421,0.29301644147810496,0.32964349666286796,0.374409897444245,0.42324597102393,0.48429106299853497,0.537196809376526,,11780162.0,245857.0
175,United Kingdom,112,58.893068242880204,57.987847724548395,54.6232381267309,55.0200471210681,54.763774645558605,53.9190660473137,52.868080584366595,51.86210887446779,47.939486628363596,54.9539122886785,,,64088222.0,243610.0
172,Uganda,746,0.775736950102597,0.8407987588208801,0.875832040438417,1.0509984485261,1.6065261998898999,1.92683048896452,2.07460602433672,2.0895671254737698,2.4436465190504704,2.7179333732296,2.90744065429882,,37101745.0,241038.0
63,Ghana,652,1.67003603761976,1.8150654829919999,2.08315021534675,2.7204008086490297,2.9269578975125294,3.22141161993496,3.4894963522897102,3.5949723125604303,3.88942603498286,4.10477278720225,4.372857519557,,26327649.0,238533.0
135,Romania,968,27.023385203859895,26.2682025646599,25.9851414172134,24.384836101208602,23.1882797895927,22.470982045820104,20.8972742685737,,,,,,21666350.0,238391.0
69,Guyana,336,0.147320294640589,0.147320294640589,0.15240030480060998,0.15748031496063,0.16256032512065,0.167640335280671,0.172720345440691,0.193040386080772,0.20320040640081302,0.218440436880874,0.228600457200914,0.23368046736093498,735222.0,214969.0
14,Belarus,913,2.45550022188255,2.33200216930434,2.2326269098077898,1.95170034499754,1.7545588960078897,1.4643526279459598,1.27156234598324,0.8328815731112321,0.67517618648662,0.61603666650239,,,9589689.0,207600.0
142,Senegal,722,0.633667480392666,0.825845322806835,0.9868591907754641,1.0751571183711601,1.34005090115826,1.44393081597673,1.57897470524074,1.73998857320937,1.8802264582143,1.901002441178,,,13975834.0,196722.0
28,Cambodia,522,1.5182415590301397,1.6145479265805602,2.09041468388851,2.22637661454793,2.36233854520734,2.53795603897575,2.7588941762973,3.35939270337639,,,,,15708756.0,181035.0
177,Uruguay,298,1.8512170037709998,1.8512170037709998,1.94263512741401,1.97120329105245,1.99977145469089,1.98834418923552,2.0283396183293303,2.03405325105702,1.92549422923094,1.91406696377557,1.8683579019540602,1.8455033710433102,3341893.0,176215.0
158,Suriname,366,0.23076923076923103,0.237179487179487,0.237179487179487,0.24358974358974397,0.24358974358974397,0.25,0.269230769230769,0.269230769230769,0.269230769230769,0.307692307692308,0.314102564102564,,579633.0,163820.0
170,Tunisia,744,5.6192070030896,5.86380020597322,6.359423274974249,6.82286302780638,7.305612770339861,7.704685890834191,8.59938208032956,8.94696189495366,9.339598352214212,9.770854788877449,10.427394438723,,11037225.0,163610.0
118,Nepal,558,2.7345657481688197,2.7345657481688197,2.8461806766655,3.9902336937565397,4.04604115800488,5.42727589815138,6.1178932682246305,8.90129054761074,10.408092082316001,10.582490408092099,11.001046389954698,,31551305.0,147181.0
12,Bangladesh,513,48.8054083122071,49.565952216332505,50.8027963432435,52.0473227318122,53.391718521932894,56.0190520089114,59.061227625412904,61.8882999154951,64.7537835138665,67.4963509257125,70.4693861872935,,168957745.0,143998.0
163,Tajikistan,923,1.43612460703058,1.52186338953987,1.5790225778793898,1.63618176621892,1.76478993998285,1.78622463561017,1.9076879108316698,2.06487567876536,2.28636753358102,2.45070020005716,,,8191958.0,143100.0
64,Greece,174,24.662529092319602,25.577967416602,27.726920093095398,29.2940263770365,31.155934833204004,30.961986035686603,30.2870442203258,29.0302560124127,27.501939487975196,23.5841737781226,20.3180760279286,19.231962761830896,10775643.0,131957.0
121,Nicaragua,278,1.37111517367459,1.78660462024265,2.0358982881834797,2.2187136446734304,2.5095562572710697,2.54279541299651,2.17716470001662,2.34336047864384,2.35998005650656,2.52617583513379,2.64251288017284,2.87518697025096,5907881.0,130370.0
101,Malawi,676,0.700042426813746,0.689435723377174,0.700042426813746,1.5061518879932099,1.73949936359779,1.87738650827323,2.43954179041154,0.9333899024183281,2.95927025880356,3.04412388629614,3.12897751378871,,17964697.0,118484.0
17,Benin,638,0.36360411493437395,0.434551259311813,0.665129478538489,0.8513657325292661,1.0553387726144001,1.2593118126995402,1.4012061014544197,1.55196878325647,1.5963107484923702,1.6849946789641699,1.79141539553033,,10448647.0,112622.0
71,Honduras,268,5.853963714362321,6.34551791938511,7.34650102779516,9.02672267405488,9.8847081955492,9.786397354544642,8.85691303959246,9.25909375279292,10.465635892394301,10.939315399052598,11.1806238269729,,8746673.0,112090.0
95,Liberia,668,0.22840531561461802,0.352990033222591,0.65406976744186,0.8409468438538209,0.892857142857143,0.903239202657807,0.9655315614617941,0.9759136212624592,,,,,4195666.0,111369.0
24,Bulgaria,918,51.8664950349393,52.0342415316642,51.1552977998711,53.144277690820395,55.160666605284995,54.771554900515795,54.154384672070705,35.077376565954296,35.5932203389831,35.003684598378804,34.5983787767133,34.2667649226234,7186893.0,110879.0
66,Guatemala,258,12.290033594624902,12.5046659201194,12.635311683464,20.7540126913027,23.488241881299,26.1851437103397,27.631578947368396,29.1620007465472,30.5244494214259,31.6909294512878,32.418812989921605,33.2586786114222,14918999.0,108889.0
73,Iceland,176,2.0548628428927698,1.98503740648379,1.8354114713217,1.785536159601,1.7356608478803,1.5261845386533701,1.44638403990025,1.3167082294264298,1.19700748129676,1.1072319201995,1.04738154613466,0.9775561097256859,331918.0,103000.0
72,Hungary,944,13.099754519080602,14.0832496373173,15.3442696127664,16.471375962504197,17.0963062158241,16.6132773666188,15.7848227107036,15.4423947862587,15.044736551419401,14.393018888766198,14.4482491991605,,9897541.0,93028.0
133,Portugal,182,64.3060109289618,66.17470208811629,68.7875806275282,59.954083306002,62.7528151306439,64.3847581613713,64.6577137242057,62.801615896932,59.8864504858609,56.6812227074236,51.986899563318794,,10825309.0,92090.0
83,Jordan,439,7.082955575702631,7.1622846781505,7.12828649138713,7.4796010879419805,7.74025385312783,7.94097769767966,8.54922279792746,8.965983329578732,9.281369677855368,9.52917323721559,9.799504392881278,,8117564.0,89342.0
9,Austria,122,11.5524340033907,11.152821506417999,10.99539840155,10.9351158904309,10.7534694470682,10.112509234477,9.750366395755869,13.118685951013902,13.968984734674098,13.691824890041302,13.182925203862801,12.4074590154003,8665550.0,83871.0
174,United Arab Emirates,466,5.92105263157895,5.968899521531099,6.67464114832536,7.60765550239234,8.947368421052632,9.66507177033493,10.3588516746411,10.7894736842105,11.255980861244,11.7105263157895,11.2918660287081,,5779760.0,83600.0
45,Czech Republic,935,23.5568211234792,24.087496764172897,24.7766990291262,24.621359223301,26.2783171521036,26.368932038834895,26.294665976178102,27.0973588814086,27.722387673184,28.2144244464586,28.0849410850706,,10644842.0,78867.0
127,Panama,283,7.47914985203121,7.60021522733387,7.882701103040089,8.03066989507668,8.0575733118106,8.71670702179177,8.66290018832392,,,,,,3657024.0,75420.0
145,Sierra Leone,724,0.4710446106954829,0.526461623718482,0.609587143252979,0.7481296758104742,0.9697977279024659,1.20532003325021,1.3022998060404498,1.3715710723192,1.41313383208645,,,,5879098.0,71740.0
78,Ireland,178,16.8239221948033,16.5771519814197,16.693279140659,16.7658586151836,17.3610103062854,17.8400348381478,14.675569748875,14.167513427202802,12.832051095950101,12.0046450863696,11.249818551313698,10.6111191754972,4892305.0,70273.0
61,Georgia,915,4.6337602532738495,5.31011656353432,6.3606274284069695,7.727730608720679,9.886314577637071,9.325082745718811,9.48337890343934,10.4475464095553,12.275147503237902,14.347388113397601,14.1027485969204,13.9732335587854,4931226.0,69700.0
153,Sri Lanka,524,19.980864295965603,20.8898102376017,28.049752830489602,31.2230904162016,33.4396428001914,35.6243023441237,38.2395152288311,42.002870355605204,43.9004943390209,45.080529421145,45.9416361026949,,22053488.0,65610.0
97,Lithuania,946,10.5775366943204,11.2795149968092,12.2367581365667,13.034460753031302,12.9238133226965,12.764260071798999,12.381332269645,,,,,,2884433.0,65300.0
92,Latvia,941,9.7433918579973,9.7916264711557,10.1935815808091,11.3351340922246,11.0135700045019,10.4696043743969,9.89717223650386,9.30868167202572,6.89932454165326,5.96558932304229,5.56359543334941,,1986705.0,64589.0
167,Togo,742,0.680272108843537,0.7170435741864308,0.974443831586689,1.8201875344732499,2.46368817797389,2.6475455046883596,2.8497885640742795,3.0888030888030897,3.19911748483177,3.36458907887479,,,7552318.0,56785.0
43,Croatia,960,19.228020014295897,20.550393137955698,20.6397426733381,21.9085060757684,23.016440314510398,23.856325947105102,23.481057898498896,23.230879199428202,22.998570407433895,22.373123659757,21.854896354538997,21.4974982130093,4464844.0,56594.0
20,Bosnia and Herzegovina,963,17.24609375,19.47265625,20.78125,19.765625,19.21875,19.55078125,19.16015625,19.43359375,19.8046875,17.96875,,,3867055.0,51197.0
41,Costa Rica,238,9.57696827262045,10.9674892283588,11.594202898550698,13.2001566784175,13.298080689385,13.298080689385,13.611437524481001,15.8049353701528,16.0399529964747,15.9811985898942,16.079122600861698,,4814144.0,51100.0
49,Dominican Republic,243,12.4379139072848,12.6448675496689,12.872516556291401,13.1415562913907,13.5761589403974,14.0521523178808,14.362582781457,15.231788079470197,15.252483443708599,17.239238410596002,17.3841059602649,19.1846026490066,10478756.0,48670.0
54,Estonia,939,5.001179523472519,5.6617126680821,6.109931587638591,6.46378862939373,6.3930172210427,5.42580797357867,5.18990327907525,4.600141542816701,4.22269403161123,3.65652276480302,3.2318943146968597,2.9016277423920696,1265420.0,45228.0
46,Denmark,128,51.826537827009204,52.1093565873203,52.674994107942496,54.395474899834994,53.33490454866839,48.786236153664895,43.836907848220605,41.7864718359651,37.025689370728294,32.8541126561395,30.6622672637285,27.504124440254504,5581503.0,43094.0
119,Netherlands,138,132.28672985782,110.841232227488,109.626777251185,113.625592417062,110.27843601895701,101.749184702046,93.5072635635932,87.18861209964409,80.8422301304864,71.8146718146718,61.330561330561295,,16947904.0,41543.0
161,Switzerland,146,89.498987854251,89.4782124601447,88.4682541690918,89.00192327158621,88.2427371191416,87.48355096669701,87.0786516853933,85.5602793805041,84.21905051118529,82.7512906164592,81.283530721733,79.1578094948881,8121830.0,41277.0
18,Bhutan,514,1.5478657816722199,1.5478657816722199,1.5478657816722199,1.5478657816722199,1.6003358081695802,1.6528058346669499,1.88892095390508,2.2037411128892597,1.73151087441299,2.28244615263531,2.2562111393866298,,741919.0,38394.0
68,Guinea-Bissau,654,0.0355618776671408,0.0711237553342817,0.10668563300142199,0.14224751066856303,0.35561877667140795,0.5689900426742529,0.604551920341394,0.746799431009957,0.817923186344239,0.924608819345661,,,1726170.0,36125.0
111,Moldova,921,6.417274939172749,6.93219823654606,7.35785953177257,8.23958650045607,9.577379142596529,9.212526603830948,9.37595129375951,10.197869101978698,10.377358490566,10.888077858880802,11.009732360097301,9.124087591240869,3546847.0,33851.0
15,Belgium,124,163.177014531044,154.161162483487,154.524438573316,149.768824306473,146.07001321004,142.173051519155,134.742404227213,131.737120211361,129.590488771466,126.882430647292,122.556142668428,119.253632760898,11323973.0,30528.0
94,Lesotho,666,0.9881422924901191,0.9552042160737809,0.790513833992095,0.8563899868247691,0.9222661396574441,0.9552042160737809,1.4163372859024999,1.4492753623188401,1.4492753623188401,1.58102766798419,1.58102766798419,,1947701.0,30355.0
149,Solomon Islands,813,0.7145409074669521,0.7859949982136479,0.821722043586995,0.821722043586995,0.821722043586995,0.821722043586995,0.500178635226867,0.464451589853519,0.464451589853519,0.42872454448017105,0.500178635226867,0.500178635226867,622469.0,28896.0
1,Albania,914,7.77372262773723,9.45255474452555,11.2408759124088,15.1824817518248,19.2335766423358,19.7080291970803,19.8905109489051,20.0729927007299,20.2189781021898,19.8905109489051,18.7956204379562,18.832116788321198,3029278.0,28748.0
53,Equatorial Guinea,642,0.3921568627450979,0.427807486631016,0.4991087344028521,0.53475935828877,0.570409982174688,0.606060606060606,0.677361853832442,0.71301247771836,0.89126559714795,1.03386809269162,1.10516934046346,,740743.0,28051.0
26,Burundi,618,2.33644859813084,2.49221183800623,2.8037383177570097,3.1152647975077903,3.30996884735203,3.73831775700935,4.32242990654206,4.86760124610592,5.45171339563863,6.69781931464174,6.931464174454829,,10742276.0,27830.0
70,Haiti,263,6.422351233671991,6.531204644412191,6.531204644412191,6.38606676342525,6.422351233671991,6.531204644412191,5.6966618287373,6.16835994194485,6.531204644412191,6.64005805515239,,,10110019.0,27750.0
137,Rwanda,714,0.810701256586948,1.6214025131739,1.5808674503445501,2.3915687069315,10.498581272801,11.552492906364,11.876773408998801,13.579246047831399,14.389947304418301,15.6870693149574,15.808674503445499,17.024726388325902,12661733.0,26338.0
47,Djibouti,611,0.431406384814495,0.431406384814495,0.517687661777394,0.517687661777394,0.690250215703192,0.819672131147541,1.03537532355479,1.20793787748059,1.29421915444349,1.25107851596204,1.4236410698878301,,828324.0,23200.0
16,Belize,339,1.8851380973257301,1.92897851819377,1.84129767645769,2.14818062253398,2.2797018851381,2.2797018851381,2.2797018851381,2.2797018851381,2.2797018851381,2.4112231477422204,2.4112231477422204,2.23586146427006,347369.0,22966.0
52,El Salvador,253,21.718146718146702,23.745173745173698,23.214285714285698,25.0,25.193050193050198,,,,,,,,6141350.0,21041.0
79,Israel,436,44.916820702403,45.28650646950089,45.748613678373395,46.7652495378928,48.567467652495395,49.445471349353,49.676524953789304,52.4029574861368,53.142329020332696,52.68022181146029,52.310536044362294,,8049314.0,20770.0
148,Slovenia,961,34.8560079443893,34.2601787487587,34.0615690168818,34.7567030784508,34.0615690168818,34.5084409136048,33.9126117179742,33.5153922542205,33.6643495531281,30.1390268123138,27.855014895729898,27.2591857000993,1983412.0,20273.0
56,Fiji,819,2.84619594964423,3.0103995621237005,3.33880678708265,3.61247947454844,3.7766830870279104,3.7219485495347597,3.7219485495347597,3.6672140120416,3.5577449370552796,3.7766830870279104,4.21455938697318,,909389.0,18274.0
89,Kuwait,443,11.672278338945,12.962962962963,14.534231200897901,16.3299663299663,17.508417508417498,19.1358024691358,20.2581369248036,21.8294051627385,21.548821548821603,23.6812570145903,24.8035914702581,25.0841750841751,2788534.0,17818.0
159,Swaziland,734,2.15116279069767,2.2093023255813997,2.26744186046512,2.26744186046512,2.3255813953488396,2.3255813953488396,2.38372093023256,2.73255813953488,2.73255813953488,2.6744186046511604,2.6744186046511604,3.13953488372093,1435613.0,17364.0
113,Montenegro,943,7.6579925650557605,9.144981412639401,9.96282527881041,12.7137546468401,15.3903345724907,16.1338289962825,14.795539033457198,15.018587360594802,15.167286245353198,15.910780669145,15.762081784386599,16.2081784386617,647073.0,13812.0
179,Vanuatu,846,1.96882690730107,1.96882690730107,2.05086136177194,2.29696472518458,2.29696472518458,2.29696472518458,2.46103363412633,2.54306808859721,2.78917145200984,2.87120590648072,3.03527481542248,,272264.0,12189.0
134,Qatar,453,10.852713178294598,11.8001722652885,13.3505598621878,15.6761412575366,18.690783807062896,21.4470284237726,23.858742463393604,18.9491817398794,20.241171403962102,20.155038759689898,24.2894056847545,20.241171403962102,2194817.0,11586.0
81,Jamaica,343,12.1883656509695,11.911357340720198,12.003693444136697,12.096029547553101,12.5577100646353,12.096029547553101,11.6343490304709,11.5420129270545,11.5420129270545,11.0803324099723,10.1569713758079,10.4339796860572,2950210.0,10991.0
93,Lebanon,446,83.2844574780059,85.92375366568909,86.4125122189638,88.07429130009778,89.34506353861191,91.69110459433041,94.42815249266859,97.9472140762463,99.3157380254154,101.759530791789,105.083088954057,106.744868035191,6184701.0,10400.0
44,Cyprus,423,58.6580086580087,55.8441558441558,55.3030303030303,56.4935064935065,58.2251082251082,58.549783549783605,57.359307359307394,55.7359307359307,52.9220779220779,40.2597402597403,39.17748917748921,37.7705627705628,1189197.0,9251.0
169,Trinidad and Tobago,369,24.561403508771896,24.561403508771896,25.146198830409396,25.7309941520468,25.9259259259259,26.120857699805104,27.680311890838198,25.9259259259259,26.3157894736842,26.120857699805104,27.875243664717303,,1222363.0,5128.0
138,Samoa,862,6.7137809187279105,7.06713780918728,8.12720848056537,9.18727915194346,9.18727915194346,10.6007067137809,10.2473498233216,7.42049469964664,7.773851590106009,9.54063604240283,10.2473498233216,9.18727915194346,197773.0,2831.0
98,Luxembourg,137,159.459459459459,154.054054054054,149.80694980695,147.876447876448,146.332046332046,143.629343629344,142.857142857143,142.08494208494199,140.926640926641,142.471042471042,142.471042471042,141.312741312741,570252.0,2586.0
38,Comoros,632,1.07469102632993,1.07469102632993,1.07469102632993,2.14938205265986,2.14938205265986,2.68672756582483,2.68672756582483,3.22407307898979,3.76141859215476,4.29876410531972,4.29876410531972,,780971.0,2235.0
108,Mauritius,684,81.7733990147783,83.2512315270936,85.71428571428571,88.1773399014778,92.1182266009852,100.492610837438,102.463054187192,104.926108374384,107.389162561576,109.852216748768,121.18226600985201,120.19704433497499,1339827.0,2040.0
140,Sao Tome and Principe,716,25.0,30.2083333333333,31.25,35.4166666666667,36.4583333333333,35.4166666666667,35.4166666666667,,,,,,194006.0,964.0
86,Kiribati,826,4.9382716049382696,4.9382716049382696,,,,,,,,,,,105711.0,811.0
48,Dominica,321,16.0,16.0,16.0,16.0,16.0,16.0,16.0,16.0,16.0,16.0,14.666666666666698,,73607.0,751.0
168,Tonga,866,20.8333333333333,18.0555555555556,18.0555555555556,19.4444444444444,20.8333333333333,19.4444444444444,19.4444444444444,19.4444444444444,18.0555555555556,19.4444444444444,,,106501.0,747.0
110,Micronesia Federated States of,868,11.4285714285714,11.4285714285714,11.4285714285714,11.4285714285714,11.4285714285714,14.285714285714299,14.285714285714299,14.285714285714299,14.285714285714299,14.285714285714299,14.285714285714299,,105216.0,702.0
146,Singapore,576,570.391872278665,576.197387518142,573.487031700288,578.41726618705,584.285714285714,598.571428571429,611.111111111111,609.375,613.3144475920681,608.203677510608,611.0325318246109,616.690240452617,5674472.0,697.0
144,Seychelles,718,56.5217391304348,54.3478260869565,56.5217391304348,56.5217391304348,67.3913043478261,67.3913043478261,69.56521739130429,69.56521739130429,71.7391304347826,74.7252747252747,83.5164835164835,85.71428571428571,92430.0,455.0
4,Antigua and Barbuda,311,56.8181818181818,54.545454545454504,54.545454545454504,54.545454545454504,50.0,47.7272727272727,,,,,,,92436.0,443.0
13,Barbados,316,100.0,100.0,97.67441860465121,97.67441860465121,104.651162790698,109.302325581395,102.325581395349,111.627906976744,,,,,290604.0,430.0
65,Grenada,328,79.4117647058823,73.52941176470591,73.52941176470591,73.52941176470591,73.52941176470591,73.52941176470591,73.52941176470591,76.47058823529409,79.4117647058823,79.4117647058823,79.4117647058823,79.4117647058823,110694.0,344.0
105,Malta,181,400.0,409.375,393.75,409.375,431.25,437.5,434.375,459.375,425.0,431.25,431.25,462.5,413965.0,316.0
103,Maldives,556,70.0,73.3333333333333,90.0,96.6666666666667,103.333333333333,106.666666666667,106.666666666667,110.0,113.333333333333,113.333333333333,116.666666666667,120.0,393253.0,298.0
7,Aruba,314,100.0,88.88888888888891,88.88888888888891,88.88888888888891,,,,,,,,,112162.0,180.0
139,San Marino,135,966.666666666667,1066.66666666667,1150.0,1216.66666666667,1216.66666666667,1216.66666666667,1216.66666666667,1150.0,1166.66666666667,1150.0,1100.0,1066.66666666667,33020.0,61.0
99,Macedonia FYR,962,11.0892646480535,10.617381046008699,12.2296500196618,13.1985731272295,16.2108600871978,16.9706582077716,17.2878667724029,16.375892149088,16.7724028548771,16.8913560666138,17.0103092783505,16.9310071371927,,
91,Lao People's Democratic Republic,544,0.489601386481802,0.506932409012132,0.545927209705373,,,,,,,,,,,
90,Kyrgyz Republic,917,0.933263816475495,0.985401459854015,1.00625651720542,1.23044838373306,1.32429614181439,1.36079249217935,1.2148070907195,1.43899895724713,1.56934306569343,1.62148070907195,1.6527632950990598,1.7622523461939499,,
88,Kosovo Republic of,967,28.5661798475246,28.5661798475246,28.5661798475246,28.5661798475246,28.5661798475246,28.5661798475246,28.5661798475246,28.5661798475246,28.474327179204604,27.3720951593644,25.443189124644103,25.259483788003998,,
87,Korea Republic of,542,67.37244370997729,69.99483737738771,72.780759702725,75.588113908378,78.2335360197877,76.9927909371782,77.73320991463541,78.9673968939628,80.1540832049307,79.5969876674943,76.837050869021,75.5955923091129,,
76,Iran Islamic Republic of,429,8.748887046759389,8.8305547880016,8.96380215529152,9.194682386171749,9.630653034908349,9.67547818611648,9.05161032820607,10.3349605477265,9.606705351386198,9.9290780141844,10.022412575604099,11.496116176967199,,
60,Gambia The,648,3.16205533596838,3.45849802371542,4.1501976284585,5.039525691699611,6.22529644268775,6.71936758893281,8.49802371541502,8.49802371541502,8.39920948616601,9.09090909090909,9.1897233201581,9.58498023715415,,
6,Armenia Republic of,911,8.88654724271163,10.1159114857745,11.2399016508606,12.961011591148601,14.155251141552501,14.506498068141902,15.1036178433439,16.2627327010889,17.351598173516,17.7730944854233,18.6160871092378,,,
42,Cote d'Ivoire,662,0.43710691823899395,0.47169811320754707,0.5220125786163521,0.616352201257862,0.845911949685535,0.9622641509433959,1.56289308176101,1.61320754716981,1.7421383647798703,1.7641509433962301,,,,
40,Congo Republic of,634,0.04099560761347,0.04099560761347,0.04099560761347,0.0937042459736457,0.117130307467057,0.12298682284041,0.152269399707174,0.19033674963396802,0.207906295754026,0.260614934114202,,,,
39,Congo Democratic Republic of,636,0.0582254471670232,0.0595487527844556,0.0608720584018879,0.0666063827440948,0.0679296883615271,0.0718996052138241,0.0921902913477868,0.0966013100725613,0.112922079354227,0.109393264374407,0.138505987957919,,,
36,China P.R.: Mainland,924,9.257567815636019,9.587023555393039,10.2117432171049,,,,,,,,,,,
35,China P.R.: Macao,546,4750.0,4892.8571428571395,5209.79020979021,5273.97260273973,5479.45205479452,5593.22033898305,5690.23569023569,5886.28762541806,5986.6220735786,6138.61386138614,6402.6402640264005,6567.65676567657,,
34,China P.R.: Hong Kong,532,1296.19047619048,1291.42857142857,1299.04761904762,1339.04761904762,1376.19047619048,1369.5238095238099,1404.7619047619,1418.0952380952401,1404.7619047619,1386.66666666667,1381.9047619047599,,,
27,Cabo Verde,624,11.414392059553402,11.9106699751861,13.647642679900699,16.3771712158809,20.347394540942897,22.828784119106697,25.8064516129032,25.8064516129032,29.5285359801489,30.0248138957816,30.272952853598,,,
23,Brunei Darussalam,516,10.246679316888,12.9032258064516,11.764705882352901,11.764705882352901,12.1442125237192,12.713472485768499,12.713472485768499,12.9032258064516,12.9032258064516,13.2827324478178,11.954459203036098,12.523719165085401,,
183,Yemen Republic of,474,0.352292743905904,0.38827963710059293,0.4185843892645421,0.4469950944182429,0.462147470500218,0.47919389359243897,0.47351175256169903,0.467829611530958,0.467829611530958,0.475405799571945,0.482981987612933,0.482981987612933,,
182,West Bank and Gaza,487,25.4152823920266,26.0797342192691,28.2392026578073,30.066445182724298,35.0498338870432,38.0398671096346,38.2059800664452,40.531561461794,41.3621262458472,42.192691029900296,45.681063122923604,48.1727574750831,,
180,Venezuela Republica Bolivariana de,299,3.4952667082364903,3.75829034635225,3.8478544300209703,4.163029306728641,3.97256391361034,3.9374185136897,4.03605237798311,4.08480244884077,4.11768040360524,4.03831982313928,,,,
166,Timor-Leste Dem. Rep. of,537,0.403496973772697,0.7397444519166109,0.7397444519166109,0.7397444519166109,0.7397444519166109,0.7397444519166109,0.7397444519166109,1.68123739071957,1.8829858776059198,2.21923335574983,2.3537323470073996,,,
162,Syrian Arab Republic,463,1.48717110638993,1.62335893664542,1.7371889124870699,1.9276846003049402,2.15094750598998,2.4885645828795497,2.80999836628002,2.97337036431956,3.0278276969994,3.0441648968033497,,,,
156,St. Vincent and the Grenadines,364,43.589743589743605,43.589743589743605,43.589743589743605,43.589743589743605,43.589743589743605,43.589743589743605,,,,,,,,
155,St. Lucia,362,47.5409836065574,47.5409836065574,47.5409836065574,47.5409836065574,47.5409836065574,47.5409836065574,47.5409836065574,47.5409836065574,47.5409836065574,47.5409836065574,47.5409836065574,45.90163934426229,,
154,St. Kitts and Nevis,361,84.6153846153846,84.6153846153846,84.6153846153846,84.6153846153846,92.30769230769229,92.30769230769229,92.30769230769229,76.9230769230769,80.76923076923079,80.76923076923079,73.0769230769231,73.0769230769231,,
147,Slovak Republic,936,23.284823284823297,23.887733887733898,24.553014553014602,24.345114345114304,26.1746361746362,25.036390101892298,24.952693851240397,24.7047080352687,25.3909499251372,25.6820828481118,26.7426384960905,27.0129762102812,,
143,Serbia Republic of,942,15.4127601189115,22.17013491882,25.3715984450034,28.3672536016465,31.648753715984398,30.5168076835125,28.813171735650602,27.6240567116396,26.011891150240103,23.0848387834439,20.763777726960896,20.1234850217242,,
136,Russian Federation,922,1.98086468476421,2.10812391378265,2.2557446876064704,2.50498542533952,2.64397287149498,2.5739961299076097,2.60171815493437,2.7211548971201496,2.8250208983768,2.83546245405868,2.7171858847264505,2.40821353530925,,
116,Myanmar,518,0.921306357319947,0.8892494183910858,0.737600807994246,0.757436650752846,0.7806401249024201,0.79902035818154,0.829684964638888,0.9214896906427471,1.03651534869479,1.5495804495620802,1.9461627978195601,1.95535003368653,,
11,Bahamas The,313,10.289710289710301,9.99000999000999,10.089910089910099,10.089910089910099,10.1898101898102,10.089910089910099,10.089910089910099,,,,,,,
106,Marshall Islands Republic of,867,22.2222222222222,22.2222222222222,22.2222222222222,27.7777777777778,33.3333333333333,33.3333333333333,33.3333333333333,38.8888888888889,38.8888888888889,38.8888888888889,33.3333333333333,,,
10,Azerbaijan Republic of,912,4.7658215598993605,5.0568594241471105,5.614918256955121,6.426315216207381,7.41888244762608,8.13342693229406,8.33575300038715,8.589610201069469,8.44443369062886,8.98873685866028,9.64202325215645,,,
