"Country Name","Country Code","Indicator Name","Indicator Code",Attribute,2004,2005,2006,2007,2008,2009,2010,2011,2012,2013,2014,2015,
"Belarus","913","Geographical Outreach: Key Indicators, Number of ATMs per 1000 km2, Number","FCAK_NUM","Value","4.37355160001972","6.19237785337475","7.59980285855101","10.2759980285855","12.0847708230655","13.3172270979193","15.0961064563825","16.3471489823074","18.2396136218028","20.1468631412942",,,
"Austria","122","Geographical Outreach: Key Indicators, Number of ATMs per 1000 km2, Number","FCAK_NUM","Value","96.3429401792202","89.4042140954226","91.3780576410753","92.2037346508755","94.1291869505195","96.5593247023774","97.5521129831276","98.8807326113816","101.126726435668","103.318752953436","105.657268178018","105.948067998691",
"Canada","156","Geographical Outreach: Key Indicators, Number of ATMs per 1000 km2, Number","FCAK_NUM","Value","5.33215447060596","5.79028339991928","6.10930212866099","6.35409209425183","6.61724680568889","6.66376349726343","6.81486026847719","6.55412486487616","6.49914059587552","7.14795497008306","7.25704375978033","7.30553988503889",
"Central African Republic","626","Geographical Outreach: Key Indicators, Number of ATMs per 1000 km2, Number","FCAK_NUM","Value","0","0","0","0","0.00481556390253299","0.012841503740088","0.0272881954476869","0.0385245112202639","0.0385245112202639","0.0481556390253299",,,
"Brunei Darussalam","516","Geographical Outreach: Key Indicators, Number of ATMs per 1000 km2, Number","FCAK_NUM","Value","17.0777988614801","21.6318785578748","23.719165085389","30.550284629981","37.7609108159393","44.2125237191651","44.7817836812144","44.9715370018975","52.561669829222","47.8178368121442","48.0075901328273","47.6280834914611",
"Brazil","223","Geographical Outreach: Key Indicators, Number of ATMs per 1000 km2, Number","FCAK_NUM","Value","16.685171581237","17.5631181100101","17.6516545547215","18.3248904660606","19.057948299502","19.8129009564329","20.9281012282637","20.8017573287837","20.9543032301445","23.4391862304293","23.860691493562",,
"Antigua and Barbuda","311","Geographical Outreach: Key Indicators, Number of ATMs per 1000 km2, Number","FCAK_NUM","Value","70.4545454545455","88.6363636363636","88.6363636363636","86.3636363636364","97.7272727272727","102.272727272727","109.090909090909","113.636363636364","118.181818181818","127.272727272727","125","122.727272727273",
"Costa Rica","238","Geographical Outreach: Key Indicators, Number of ATMs per 1000 km2, Number","FCAK_NUM","Value","15.1390520955738","17.0779475127301","19.3301997649824","22.6792009400705","24.6964355660008","27.5949862906385","29.3576184880533","35.7814336075206","37.7790834312573","51.0967489228359","57.3443008225617",,
"Comoros","632","Geographical Outreach: Key Indicators, Number of ATMs per 1000 km2, Number","FCAK_NUM","Value","1.07469102632993","1.07469102632993","1.07469102632993","1.07469102632993","2.14938205265986","3.22407307898979","4.29876410531972","15.583019881784","12.8962923159592","13.9709833422891","14.5083288554541",,
"Chad","628","Geographical Outreach: Key Indicators, Number of ATMs per 1000 km2, Number","FCAK_NUM","Value","0","0.00317662007623888","0.00317662007623888","0.0039707750952986","0.0127064803049555","0.0158831003811944","0.0206480304955527","0.0238246505717916","0.0206480304955527","0.0230304955527319","0.0508259212198221",,
"Cameroon","622","Geographical Outreach: Key Indicators, Number of ATMs per 1000 km2, Number","FCAK_NUM","Value","0.065579319244357","0.124812252755389","0.14808233377758","0.196737957733071","0.277125510355186","0.361743986799518","0.435785153688308","0.583867487465888","0.662139578176895","0.833491992976667","0.973112479109814",,
"Bulgaria","918","Geographical Outreach: Key Indicators, Number of ATMs per 1000 km2, Number","FCAK_NUM","Value","16.1180581095991","20.9775405007364","33.1952499309583","40.6500322253936","47.794862351533","52.1370670596905","53.3621960206338","54.8544583640383","54.0162122328666","53.9885777450258","52.0265291083272","66.7280766396463",
"Burundi","618","Geographical Outreach: Key Indicators, Number of ATMs per 1000 km2, Number","FCAK_NUM","Value","0.0778816199376947","0.0778816199376947","0.0778816199376947","0.0778816199376947","0.116822429906542","0.506230529595016","0.973520249221184","1.36292834890966","1.94704049844237","3.15420560747664","3.15420560747664",,
"Bhutan","514","Geographical Outreach: Key Indicators, Number of ATMs per 1000 km2, Number","FCAK_NUM","Value","0.0524700264973634","0.0524700264973634","0.0524700264973634","0.262350132486817","0.393525198730225","0.524700264973634","1.10187055644463","1.88892095390508","1.07563554319595","2.80714641760894","3.22690662958785",,
"Belgium","124","Geographical Outreach: Key Indicators, Number of ATMs per 1000 km2, Number","FCAK_NUM","Value","239.002642007926","239.630118890357","240.02642007926","252.443857331572","257.265521796565","258.817701453104","274.43857331572","282.628797886394","286.789960369881","287.351387054161","288.705416116248","288.210039630119",
"Australia","193","Geographical Outreach: Key Indicators, Number of ATMs per 1000 km2, Number","FCAK_NUM","Value","2.80514949949885","3.05533499082306","3.2042487275946","3.34287908569048","3.33988519063301","3.52863074860393","3.74419119274176","3.92512658969319","3.97159704775913","3.9220025252854","3.97589263631985",,
"Angola","614","Geographical Outreach: Key Indicators, Number of ATMs per 1000 km2, Number","FCAK_NUM","Value","0.0681799951872945","0.120317638565814","0.260688216892596","0.391433384134114","0.57511831234459","0.798107002486565","1.03392957407556","1.30664955482474","1.61546482714366","1.87214245608406","2.07668244164595",,
"Albania","914","Geographical Outreach: Key Indicators, Number of ATMs per 1000 km2, Number","FCAK_NUM","Value","3.39416058394161","7.48175182481752","11.2773722627737","15.8029197080292","23.4306569343066","27.043795620438","28.1386861313869","29.3795620437956","30.036496350365","30","29.5985401459854","30.1459854014599",
"Croatia","960","Geographical Outreach: Key Indicators, Number of ATMs per 1000 km2, Number","FCAK_NUM","Value",,"41.2258756254467","47.1944245889921","53.5203716940672","59.7212294496069","64.349535382416","67.7984274481773","71.0328806290207","72.9628305932809","73.6776268763402","75.4467476769121","78.9492494639028",
"Cyprus","423","Geographical Outreach: Key Indicators, Number of ATMs per 1000 km2, Number","FCAK_NUM","Value","48.1601731601732","50.8658008658009","58.6580086580087","59.0909090909091","62.987012987013","67.8571428571428","70.995670995671","70.1298701298701","64.8268398268398","54.2207792207792","55.1948051948052","53.4632034632035",
"Czech Republic","935","Geographical Outreach: Key Indicators, Number of ATMs per 1000 km2, Number","FCAK_NUM","Value","35.5940978514108","38.8946414703598","42.4724919093851","43.4563106796116","44.0906148867314","46.252427184466","48.4464008285862","50.94510616261","53.1658681859381","56.9597306746083","57.516509128577",,
"Chile","228","Geographical Outreach: Key Indicators, Number of ATMs per 1000 km2, Number","FCAK_NUM","Value","5.38107304056853","6.4718129145753","7.2518734903138","8.31705965580499","9.48984038346702","10.1703759891975","11.0284426225099","11.7264623445931","12.4244820666764","11.9107180323106","10.7096937320788",,
"Belize","339","Geographical Outreach: Key Indicators, Number of ATMs per 1000 km2, Number","FCAK_NUM","Value","2.0604997807979","2.23586146427006","2.45506356861026","2.67426567295046","2.89346777729066","3.11266988163086","3.37571240683911","3.63875493204735","3.68259535291539","4.03331871985971","4.20868040333187","4.29636124506795",
"Cabo Verde","624","Geographical Outreach: Key Indicators, Number of ATMs per 1000 km2, Number","FCAK_NUM","Value","9.18114143920596","10.9181141439206","14.8883374689826","21.0918114143921","27.0471464019851","30.272952853598","34.9875930521092","37.4689826302729","40.1985111662531","40.4466501240695","42.4317617866005",,
"Cambodia","522","Geographical Outreach: Key Indicators, Number of ATMs per 1000 km2, Number","FCAK_NUM","Value",,"0.00566508044414231","0.362565148425108","0.668479492408792","1.9147971901201","2.30002266032178","2.8382053025153","3.33106730115568","4.05619759800589","4.9002945841831","6.4411964649898",,
"Algeria","612","Geographical Outreach: Key Indicators, Number of ATMs per 1000 km2, Number","FCAK_NUM","Value","0.121759721884001","0.148210971810525","0.241000277108333","0.38417291559952","0.443373332101741","0.573950137294583","0.650784720414487","0.681014720330515","0.70494680359737","0.751551386801246","0.879189164224475",,
"Bosnia and Herzegovina","963","Geographical Outreach: Key Indicators, Number of ATMs per 1000 km2, Number","FCAK_NUM","Value",,"7.75390625","9.609375","12.79296875","17.59765625","26.46484375","21.4453125","23.4765625","25.078125","26.71875","27.8515625","29.47265625",
"Botswana","616","Geographical Outreach: Key Indicators, Number of ATMs per 1000 km2, Number","FCAK_NUM","Value","0.307024509025462","0.337021156458984","0.409366012033949","0.70403896035149","0.652868208847247","0.638752139466766","0.689922890971009","0.647574682829566","0.645810174157006","0.688158382298449","0.726977573094772","0.827554567430699",
"Bolivia","218","Geographical Outreach: Key Indicators, Number of ATMs per 1000 km2, Number","FCAK_NUM","Value",,,,"0.744022893012093","0.828025477707006","0.991415120465245","1.20280624019201","1.50373857657159","1.75020769869842","2.0197544539832","2.27637773469953",,
"Bangladesh","513","Geographical Outreach: Key Indicators, Number of ATMs per 1000 km2, Number","FCAK_NUM","Value","0.883460090650688","1.4135361450411","2.53514634708458","3.73357916570638","6.26872551279097","9.73342552047323","16.2940769762618","29.1695475147884","46.9923945609587","52.0473227318122","79.3116693554583",,
"Aruba","314","Geographical Outreach: Key Indicators, Number of ATMs per 1000 km2, Number","FCAK_NUM","Value",,,,,,,,"500","544.444444444444","572.222222222222","550","561.111111111111",
"Colombia","233","Geographical Outreach: Key Indicators, Number of ATMs per 1000 km2, Number","FCAK_NUM","Value",,,,"7.06624605678233","7.76385759351059","8.33889139251915","10.3614240648941","9.81433077963046","11.0689499774673","12.3289770166742","13.0004506534475",,
"Argentina","213","Geographical Outreach: Key Indicators, Number of ATMs per 1000 km2, Number","FCAK_NUM","Value","2.23664353653501","2.38280550592139","2.69011104655624","3.06099704387417","3.58389148935393","4.0647643686351","4.67937544990481","5.37401020941356","5.82967014897559","6.51224654600996","6.89884495503692","7.18641862980462",
"Barbados","316","Geographical Outreach: Key Indicators, Number of ATMs per 1000 km2, Number","FCAK_NUM","Value",,,"155.813953488372","165.116279069767","190.697674418605","193.023255813953","193.023255813953","172.093023255814","193.023255813953","197.674418604651","230.232558139535",,
"Cote d'Ivoire","662","Geographical Outreach: Key Indicators, Number of ATMs per 1000 km2, Number","FCAK_NUM","Value",,,,,,,"1.34276729559748","1.66981132075472","1.66037735849057","2.20440251572327",,,
"Benin","638","Geographical Outreach: Key Indicators, Number of ATMs per 1000 km2, Number","FCAK_NUM","Value",,,,,,,"1.15289109613338","1.35686413621852","1.74707343029443","2.25257183398368","2.34125576445548",,
"Burkina Faso","748","Geographical Outreach: Key Indicators, Number of ATMs per 1000 km2, Number","FCAK_NUM","Value",,,,,,,"0.413011695906433","0.701754385964912","0.752923976608187","0.89546783625731",,,
"Guyana","336","Geographical Outreach: Key Indicators, Number of ATMs per 1000 km2, Number","FCAK_NUM","Value","0.248920497840996","0.269240538481077","0.294640589281179","0.3251206502413","0.345440690881382","0.355600711201422","0.375920751841504","0.396240792481585","0.426720853441707","0.426720853441707","0.441960883921768","0.462280924561849",
"Honduras","268","Geographical Outreach: Key Indicators, Number of ATMs per 1000 km2, Number","FCAK_NUM","Value","1.68022164625972","2.32371078738046","3.10126016623469","4.42398784520511","5.78246492090446","7.03369380641702","7.5520600589865","10.224327464474","10.7695057645902","11.645365984449","11.8687997140048",,
"France","132","Geographical Outreach: Key Indicators, Number of ATMs per 1000 km2, Number","FCAK_NUM","Value","79.8332986343199","87.3463170890283","87.3262278196203","95.2742733163366","97.3889476346755","100.307365260603","102.716246893018","106.235515206636","106.903157821686","107.064652629772","106.909417649669","106.405360537807",
"Gabon","646","Geographical Outreach: Key Indicators, Number of ATMs per 1000 km2, Number","FCAK_NUM","Value",,"0.178522916909225","0.197927581790662","0.221213179648387","0.236736911553537","0.283308107268987","0.353164900842162","0.41914076143905","0.504521286917375","0.57437808049055",,,
"Fiji","819","Geographical Outreach: Key Indicators, Number of ATMs per 1000 km2, Number","FCAK_NUM","Value","5.85659551176793","6.07553366174056","6.6776135741653","7.22495894909688","8.42911877394636","8.97646414887794","11.056376573618","12.2605363984674","12.4247400109469","14.176245210728","15.3804050355774",,
"El Salvador","253","Geographical Outreach: Key Indicators, Number of ATMs per 1000 km2, Number","FCAK_NUM","Value","38.5135135135135","43.2915057915058","46.2355212355212","49.6621621621622","55.3088803088803","58.6872586872587","59.7007722007722","60.5694980694981","64.1891891891892","71.042471042471","72.1042471042471",,
"Estonia","939","Geographical Outreach: Key Indicators, Number of ATMs per 1000 km2, Number","FCAK_NUM","Value","18.3769757018165","19.8395848077377","21.656050955414","23.5904694503421","24.0150979004482","23.7320122670441","23.6376503892427","23.2837933474876","22.0334984666195","20.8539749941024","20.0047180938901","18.895966029724",
"Egypt","469","Geographical Outreach: Key Indicators, Number of ATMs per 1000 km2, Number","FCAK_NUM","Value","1.29388718669948","1.67763323120197","2.28138028027525","2.8539856346376","3.4808378120448","4.22221106032448","4.84303581294892","5.28203325129338","6.02642021196444","6.51765533175951","7.3233211110553",,
"Denmark","128","Geographical Outreach: Key Indicators, Number of ATMs per 1000 km2, Number","FCAK_NUM","Value","69.3613009662974","70.7282583078011","72.8729672401603","73.8392646712232","72.660853169927","69.4320056563752","67.7350930945086","65.8732029224605","63.7756304501532","61.4423756775866","59.5804855055385","58.802733914683",
"Djibouti","611","Geographical Outreach: Key Indicators, Number of ATMs per 1000 km2, Number","FCAK_NUM","Value","0.172562553925798","0.172562553925798","0.215703192407248","0.215703192407248","0.258843830888697","0.517687661777394","0.690250215703192","0.776531492666091","1.03537532355479","1.33735979292494","1.85504745470233",,
"Hungary","944","Geographical Outreach: Key Indicators, Number of ATMs per 1000 km2, Number","FCAK_NUM","Value","36.7775050212006","39.4040843655842","42.5175761633746","47.8294833165941","51.5902243053231","52.4467027504695","53.3193416547001","54.2030266210096","52.8554070473876","53.3524798409367","53.9047829448802",,
"Grenada","328","Geographical Outreach: Key Indicators, Number of ATMs per 1000 km2, Number","FCAK_NUM","Value","73.5294117647059","79.4117647058823","82.3529411764706","91.1764705882353","100","105.882352941176","114.705882352941","111.764705882353","102.941176470588","108.823529411765","108.823529411765","111.764705882353",
"Georgia","915","Geographical Outreach: Key Indicators, Number of ATMs per 1000 km2, Number","FCAK_NUM","Value","0.978558065908764","2.66225356166355","6.28867462944309","12.0448985465535","19.1826162037703","19.6431141171392","21.5858396891639","22.5643977550727","27.8169520794359","29.7165059720823","30.9109224348827","30.4648150813067",
"Equatorial Guinea","642","Geographical Outreach: Key Indicators, Number of ATMs per 1000 km2, Number","FCAK_NUM","Value","0","0","0","0.142602495543672","0.463458110516934","0.463458110516934","0.606060606060606","1.17647058823529","1.3903743315508","1.63992869875223","1.74688057040998",,
"Dominican Republic","243","Geographical Outreach: Key Indicators, Number of ATMs per 1000 km2, Number","FCAK_NUM","Value","23.841059602649","30.6705298013245","31.8501655629139","34.7682119205298","36.1548013245033","38.0380794701987","40.0041390728477","42.9014900662252","45.4056291390728","48.8617549668874","51.0140728476821","55.4014900662252",
"Dominica","321","Geographical Outreach: Key Indicators, Number of ATMs per 1000 km2, Number","FCAK_NUM","Value","14.6666666666667","16","16","13.3333333333333","16","26.6666666666667","36","34.6666666666667","34.6666666666667","37.3333333333333","36",,
"Greece","174","Geographical Outreach: Key Indicators, Number of ATMs per 1000 km2, Number","FCAK_NUM","Value",,"48.3708301008534","51.722265321955","55.9658650116369","58.7897595034911","58.7509697439876","57.610550814585","54.7323506594259","53.2040341349884","45.0737005430566","42.8704422032583","42.0868890612878",
"Ethiopia","644","Geographical Outreach: Key Indicators, Number of ATMs per 1000 km2, Number","FCAK_NUM","Value","0.008","0.008","0.013","0.018","0.031","0.046","0.145","0.16","0.241",,,,
"Ecuador","248","Geographical Outreach: Key Indicators, Number of ATMs per 1000 km2, Number","FCAK_NUM","Value","1.11129006281205","1.84409727814463","3.08423256563054","8.97084876791754","10.5854404896119","12.2322435174746","14.5997745208568","17.3417619584474","18.0262522145273","18.0101465614431",,,
"Kuwait","443","Geographical Outreach: Key Indicators, Number of ATMs per 1000 km2, Number","FCAK_NUM","Value","27.5533108866442","33.1649831649832","40.1234567901235","49.6071829405163","57.5757575757576","62.6262626262626","64.6464646464647","69.4725028058361","80.1346801346801","82.7721661054994","91.5824915824916","95.8473625140292",
"Jamaica","343","Geographical Outreach: Key Indicators, Number of ATMs per 1000 km2, Number","FCAK_NUM","Value","30.7479224376731","34.0720221606648","38.4118190212373","39.0581717451524","41.9205909510619","45.33702677747","47.3684210526316","50.415512465374","52.1698984302862","54.1089566020314","59.8337950138504","61.7728531855956",
"Italy","136","Geographical Outreach: Key Indicators, Number of ATMs per 1000 km2, Number","FCAK_NUM","Value","124.99830012919","127.62290065955","135.738083905623","149.044672604882","170.401849459441","184.578772013327","173.179438362684","176.280002719793","172.880261100156","162.92581763786","164.622288706058","171.472768069627",
"Indonesia","536","Geographical Outreach: Key Indicators, Number of ATMs per 1000 km2, Number","FCAK_NUM","Value","7.3858586750719","8.16474108094084","9.36204507692223","10.4053390153292","12.0955855970236","13.2172645826548","12.389253520427","15.9071965201455","35.1468615620705","42.0276334891834","50.0510606821707",,
"India","534","Geographical Outreach: Key Indicators, Number of ATMs per 1000 km2, Number","FCAK_NUM","Value",,"5.93369411305702","7.2390260965495","9.11075309684211","11.7970933576394","14.9031847947827","20.7968545568901","25.8109976153559","32.6655881393386","38.9645464971966","54.9006286177473",,
"Kyrgyz Republic","917","Geographical Outreach: Key Indicators, Number of ATMs per 1000 km2, Number","FCAK_NUM","Value","0.109489051094891","0.177267987486966","0.224191866527633","0.453597497393118","0.907194994786236","1.64233576642336","1.45985401459854","2.39833159541189","3.18039624608968","4.26485922836288","5.20333680917623","6.44421272158498",
"Kenya","664","Geographical Outreach: Key Indicators, Number of ATMs per 1000 km2, Number","FCAK_NUM","Value","0.562251818533225","0.567522929331975","1.08409178760938","1.77812137611133","2.32807393611414","2.90789612397653","3.67396422672805","3.87426643708051","4.18350493727378","4.36975085216291","4.59113750571037",,
"Japan","158","Geographical Outreach: Key Indicators, Number of ATMs per 1000 km2, Number","FCAK_NUM","Value","374.993141289438","374.257887517147","375.766803840878","379.717421124829","381.185185185185","403.846364883402","398.535180359347","390.876548120311","388.503949967084","389.538073293834","386.956879526004","387.351876234365",
"Finland","172","Geographical Outreach: Key Indicators, Number of ATMs per 1000 km2, Number","FCAK_NUM","Value",,,"5.48814573674","5.45233319083166","5.43599868377756","5.43928923988154","5.42612701546561","5.39998025601369","5.31771364638521","5.43617756425022","5.38681759847313","5.01826318733752",
"Israel","436","Geographical Outreach: Key Indicators, Number of ATMs per 1000 km2, Number","FCAK_NUM","Value","156.099815157116","134.334565619224","181.284658040665","195.97966728281","214.279112754159","254.343807763401","274.676524953789","289.695009242144","308.271719038817","327.68022181146","345.286506469501",,
"Iceland","176","Geographical Outreach: Key Indicators, Number of ATMs per 1000 km2, Number","FCAK_NUM","Value","2.39401496259352","2.56359102244389","2.51371571072319","2.59351620947631","2.48379052369077","2.05486284289277","2.04488778054863","1.91521197007481","1.87531172069825","1.85536159600998","1.85536159600998","1.79551122194514",
"Kazakhstan","916","Geographical Outreach: Key Indicators, Number of ATMs per 1000 km2, Number","FCAK_NUM","Value","0.416342556580361","0.626736304033782","0.839722932177649","1.61647590473016","2.30914546060673","2.57843464088602","2.81697966440716","3.00403748564655","3.2048005333926","3.3207393414083","3.41000851946513","3.38778382783272",
"Ireland","178","Geographical Outreach: Key Indicators, Number of ATMs per 1000 km2, Number","FCAK_NUM","Value","42.560603861228","42.7347946000871","44.3315430396284","47.0314994919437","49.4121062563507","49.2959790971113","47.3943968645667","46.3347365365075","44.4331543039628","44.592829147917","44.4912178835825","38.0026128610829",
"Lao People's Democratic Republic","544","Geographical Outreach: Key Indicators, Number of ATMs per 1000 km2, Number","FCAK_NUM","Value",,,,,"0.42894280762565","0.810225303292894","1.49913344887348","1.91507798960139","2.33535528596187","3.31022530329289","3.74783362218371",,
"Jordan","439","Geographical Outreach: Key Indicators, Number of ATMs per 1000 km2, Number","FCAK_NUM","Value",,,,"9.11151405258386","10.4827742520399","11.3426447398063","12.6041901329128","13.4827663888263","14.2374408650597","15.0934895246677","16.0396485694976",,
"Ghana","652","Geographical Outreach: Key Indicators, Number of ATMs per 1000 km2, Number","FCAK_NUM","Value",,,,,"2.3600246110574","2.45671090797222","2.557792036565","2.71600597697108","3.74439658961062","5.69570185461897","5.88028478509273",,
"Guatemala","258","Geographical Outreach: Key Indicators, Number of ATMs per 1000 km2, Number","FCAK_NUM","Value",,,,,"15.6028368794326","17.5438596491228","19.8581560283688","22.0884658454647","23.2642777155655","29.1153415453527","31.7935796939156","33.4173198954834",
"Latvia","941","Geographical Outreach: Key Indicators, Number of ATMs per 1000 km2, Number","FCAK_NUM","Value","14.0684288378674","14.1005852466397","15.3064505755997","18.4417004308959","20.4836323879349","21.2286908973947","21.8669665809769","19.4051446945338","20.4245738179479","18.9258723267406","17.157099212092",,
"Germany","134","Geographical Outreach: Key Indicators, Number of ATMs per 1000 km2, Number","FCAK_NUM","Value",,,,"217.274213439642","222.967042423199","227.721522618399","236.615313997189","241.284140463622","237.017272049119","237.450507832673","248.815057095312","246.686176622482",
"Kiribati","826","Geographical Outreach: Key Indicators, Number of ATMs per 1000 km2, Number","FCAK_NUM","Value",,,,,,,,"8.64197530864197","8.64197530864197","12.3456790123457",,,
"Iraq","433","Geographical Outreach: Key Indicators, Number of ATMs per 1000 km2, Number","FCAK_NUM","Value",,,,,"0.262935272195167","0.467397310738626","0.886443175538773","0.902560324184933","0.944004420703629","0.686130042365076",,,
"Guinea-Bissau","654","Geographical Outreach: Key Indicators, Number of ATMs per 1000 km2, Number","FCAK_NUM","Value",,,,,,,"0.462304409672831","0.462304409672831","0.675675675675676","1.35135135135135",,,
"Guinea","656","Geographical Outreach: Key Indicators, Number of ATMs per 1000 km2, Number","FCAK_NUM","Value","0.0162786911932281","0.0488360735796842","0.0529057463779912","0.0691844375712193","0.0976721471593684","0.12209018394921","0.170926257528895","0.2319713495035","0.288946768679798","0.358131206251017","0.459873026208693",,
"Morocco","686","Geographical Outreach: Key Indicators, Number of ATMs per 1000 km2, Number","FCAK_NUM","Value","3.86959444319964","7.01994174322205","6.18418104414071","6.99753529016357","8.1313018149227","9.28523414743446","10.1837329150795","11.2570020165808","12.2697736948241","13.2041227873628","13.968182836657","14.6291732018821",
"Mauritius","684","Geographical Outreach: Key Indicators, Number of ATMs per 1000 km2, Number","FCAK_NUM","Value","139.408866995074","154.187192118227","160.591133004926","181.28078817734","179.310344827586","188.177339901478","196.551724137931","210.837438423645","217.241379310345","221.674876847291","224.137931034483","228.571428571429",
"Montenegro","943","Geographical Outreach: Key Indicators, Number of ATMs per 1000 km2, Number","FCAK_NUM","Value",,"5.20446096654275","9.51672862453532","14.7211895910781","19.5539033457249","22.2304832713755","23.8661710037175","24.6840148698885","26.0223048327138","26.8401486988848","26.6914498141264","28.6988847583643",
"Netherlands","138","Geographical Outreach: Key Indicators, Number of ATMs per 1000 km2, Number","FCAK_NUM","Value","233.678909952607","220.556872037915","240.343601895735","253.13981042654","256.338862559242","252.179069077972","234.776163652535","231.287069988138","224.466192170819","219.275319275319","210.18711018711",,
"Portugal","182","Geographical Outreach: Key Indicators, Number of ATMs per 1000 km2, Number","FCAK_NUM","Value","138","149.928938449765","158.653110309391","172.460916147371","182.926095987756","187.935364122721","191.048358664495","187.77159078502","181.264330167049","176.233624454148","172.194323144105",,
"Panama","283","Geographical Outreach: Key Indicators, Number of ATMs per 1000 km2, Number","FCAK_NUM","Value",,,,"10.6672047350013","11.5415657788539","13.0481571159537","13.8014527845036","15.9402744148507","18.348130212537","20.6752757600215","23.1503900995426",,
"Poland","964","Geographical Outreach: Key Indicators, Number of ATMs per 1000 km2, Number","FCAK_NUM","Value","26.2919074201025","28.6488427512813","32.4431966570906","37.6795507965526","45.3085210577865","51.305994514823","53.5882199294763","56.7939130718741","59.3952060610019","61.6439698246302","67.0487573887201","72.3131184481238",
"Qatar","453","Geographical Outreach: Key Indicators, Number of ATMs per 1000 km2, Number","FCAK_NUM","Value","25.7536606373816","31.4384151593454","37.2093023255814","43.755383290267","46.5977605512489","56.6752799310939","68.3031869078381","73.9018087855297","91.3867355727821","99.7416020671835","103.531438415159","110.68044788975",
"Nigeria","694","Geographical Outreach: Key Indicators, Number of ATMs per 1000 km2, Number","FCAK_NUM","Value",,"0.584121128276074","1.56570813707083","4.0361452397422","7.99104054810765","10.8776090560734","10.9336056304007","11.9294662757886","11.7779461334914","14.0046334420326","17.4961845471414",,
"Malawi","676","Geographical Outreach: Key Indicators, Number of ATMs per 1000 km2, Number","FCAK_NUM","Value","0.530335171828596","1.07127704709376","1.06067034365719","1.15613067458634","1.38947815019092","2.1531607976241","2.52439541790412","3.35171828595672","3.91387356809504","4.35935511243106","4.76240984302079",,
"Mexico","273","Geographical Outreach: Key Indicators, Number of ATMs per 1000 km2, Number","FCAK_NUM","Value","10.5023277347668","11.7801383780447","13.2138172278094","15.0893798708815","16.4263484143111","17.3877928959078","18.6882378662003","18.9320712981301","20.972761645104","21.331824378199","22.487718305512","23.985699220659",
"Moldova","921","Geographical Outreach: Key Indicators, Number of ATMs per 1000 km2, Number","FCAK_NUM","Value","6.84306569343066","9.42535725144421","11.371237458194","13.8643964730921","17.6649437519003","21.0398297354819","23.3181126331811","25.9056316590563","28.119293974437","30.5656934306569","32.9075425790754","29.5924574209246",
"Libya","672","Geographical Outreach: Key Indicators, Number of ATMs per 1000 km2, Number","FCAK_NUM","Value","0.0784295895518147","0.0784295895518147","0.080134580629028","0.0812712413471703","0.0841128931425259","0.0875228752969526","0.0869545449378815","0.0880912056560237","0.0977528217602328",,,,
"Madagascar","674","Geographical Outreach: Key Indicators, Number of ATMs per 1000 km2, Number","FCAK_NUM","Value","0.0464284486019878","0.101454758056196","0.134126629294631","0.185713794407951","0.235581387350827","0.264814114248375","0.287168552464147","0.331731967445578","0.376421248034101","0.409075283602613","0.481265039532485","0.555173599174974",
"Lebanon","446","Geographical Outreach: Key Indicators, Number of ATMs per 1000 km2, Number","FCAK_NUM","Value","86.119257086999","91.9843597262952","98.3382209188661","104.692082111437","111.436950146628","117.986314760508","125.610948191593","129.618768328446","140.078201368524","148.191593352884","156.695992179863","166.862170087977",
"Peru","293","Geographical Outreach: Key Indicators, Number of ATMs per 1000 km2, Number","FCAK_NUM","Value","1.5453125","1.68203125","2.04453125","2.50390625","3.11875","3.73359375","4.30234375","5.1015625","6.3765625","6.9515625","9.5515625","21.075",
"Norway","142","Geographical Outreach: Key Indicators, Number of ATMs per 1000 km2, Number","FCAK_NUM","Value","5.96859642158004","5.97954797464715","6.16024860025462","6.22048214212378","6.25059891305836","6.16846226505496","6.00418896904817","6.00692685731495","5.9056249914441","5.79063368423935","5.5661268463634",,
"Malaysia","548","Geographical Outreach: Key Indicators, Number of ATMs per 1000 km2, Number","FCAK_NUM","Value","14.3296301932735","14.8896667173946","15.7540709176685","22.179272561254","24.358545122508","31.282909754984","33.1152031654238","33.9826510424593","34.5579059503881","36.2288844924669","35.4375285344696","35.3857860295237",
"Lithuania","946","Geographical Outreach: Key Indicators, Number of ATMs per 1000 km2, Number","FCAK_NUM","Value","16.1455009572431","16.847479259732","18.2833439693682","21.282705807275","23.4702832070203","24.6190666134823","25.0658157159952","20.8220314644031","21.1092318983949","20.1196649381731","20.4706820901476","19.4016753091344",
"Lesotho","666","Geographical Outreach: Key Indicators, Number of ATMs per 1000 km2, Number","FCAK_NUM","Value","1.08695652173913","1.44927536231884","1.51515151515152","1.9433465085639","2.30566534914361","2.70092226613966","3.03030303030303","3.39262187088274","3.91963109354414","4.71014492753623","4.97364953886693",,
"Malta","181","Geographical Outreach: Key Indicators, Number of ATMs per 1000 km2, Number","FCAK_NUM","Value","465.625","468.75","434.375","496.875","509.375","531.25","575","612.5","675","668.75","643.75","659.375",
"Liberia","668","Geographical Outreach: Key Indicators, Number of ATMs per 1000 km2, Number","FCAK_NUM","Value",,,,,"0.249169435215947","0.342607973421927","0.342607973421927","0.342607973421927","0.332225913621262","0.415282392026578","0.4671926910299",,
"New Zealand","196","Geographical Outreach: Key Indicators, Number of ATMs per 1000 km2, Number","FCAK_NUM","Value","7.16645778739888","7.66776803007861","8.68557973491322","8.81470510045194","9.18688997759295","9.40336485511375","9.48691656222703","10.1097565607079","9.96923778056284","9.7375716835669","9.67680680566633","9.67680680566633",
"Myanmar","518","Geographical Outreach: Key Indicators, Number of ATMs per 1000 km2, Number","FCAK_NUM","Value",,,,,,,,,"0.0505243818418434","0.342990139033503","0.966190972009555","1.13768604152631",
"Myanmar","518","Geographical Outreach: Key Indicators, Number of ATMs per 1000 km2, Number","FCAK_NUM","Status","NA","NA","NA","NA","NA","NA","NA","NA","","","","",
"Papua New Guinea","853","Geographical Outreach: Key Indicators, Number of ATMs per 1000 km2, Number","FCAK_NUM","Value",,,"0.315770878417171","0.359934637636356","0.426180276465133","0.470344035684317","0.532173298591176","0.682330079936404","0.801572229828203","0.819237733515877","0.845735989047388",,
"Maldives","556","Geographical Outreach: Key Indicators, Number of ATMs per 1000 km2, Number","FCAK_NUM","Value","50","53.3333333333333","53.3333333333333","136.666666666667","136.666666666667","146.666666666667","150","156.666666666667","193.333333333333","213.333333333333","260","276.666666666667",
"Luxembourg","137","Geographical Outreach: Key Indicators, Number of ATMs per 1000 km2, Number","FCAK_NUM","Value","153.281853281853","156.370656370656","157.142857142857","160.617760617761","166.023166023166","169.111969111969","170.27027027027","175.289575289575","171.042471042471","170.656370656371","188.416988416988","199.227799227799",
"Mozambique","688","Geographical Outreach: Key Indicators, Number of ATMs per 1000 km2, Number","FCAK_NUM","Value","0.265774816246598","0.316640809786617","0.479411989114677","0.548081080393703","0.653628016989242","0.746458455199776","0.932119331620845","1.0847173122409","1.20806734657545","1.37083852590351","1.67730613698212",,
"Namibia","728","Geographical Outreach: Key Indicators, Number of ATMs per 1000 km2, Number","FCAK_NUM","Value",,,"0.140898103948791","0.149400575738804","0.46034811548786","0.660763521966743","0.799232348261244","0.841744707211311","0.830812957767008","0.91583767566714","0.98750136646868","1.03487228072733",
"Pakistan","564","Geographical Outreach: Key Indicators, Number of ATMs per 1000 km2, Number","FCAK_NUM","Value","0.898972602739726","1.45288501452885","2.40374636778746","3.60237650477377","4.64015151515152","5.49761311747613","6.20848899958489","7.03481735159817","8.09853673723537","9.90296803652968","11.7398298048983",,
"Mongolia","948","Geographical Outreach: Key Indicators, Number of ATMs per 1000 km2, Number","FCAK_NUM","Value",,,,,"0.121656067354978","0.187955405648961","0.236231622853318","0.408094956100827","0.588969849893149","0.664280748731945","0.791086279255388",,
"Mali","678","Geographical Outreach: Key Indicators, Number of ATMs per 1000 km2, Number","FCAK_NUM","Value",,,,,,,"0.176202066891222","0.215540202755309","0.23111154820151","0.281103762528786",,,
"Romania","968","Geographical Outreach: Key Indicators, Number of ATMs per 1000 km2, Number","FCAK_NUM","Value","14.304347826087","18.9320810505261","26.2414122967215","32.4155030666841","40.2174858634189","42.1716074067635","43.9121930015214","47.8168310379285","47.7654117033301","46.8286745207147","47.6024866321784","49.9587010389949",
"Rwanda","714","Geographical Outreach: Key Indicators, Number of ATMs per 1000 km2, Number","FCAK_NUM","Value","0.0810701256586948","0.486420753952169","0.486420753952169","0.648561005269558","0.891771382245642","1.90514795297933","3.40494527766518","6.76935549250101","11.8362383461694","13.538710985002","14.9574381840292","15.8086745034455",
"Nicaragua","278","Geographical Outreach: Key Indicators, Number of ATMs per 1000 km2, Number","FCAK_NUM","Value","0.930696360312448","1.32125644008642","1.70350673092903","2.06082765497756","2.40983879009473","2.60096393551604","2.70068140269237","3.14110021605451","3.83912248628885","4.9193950473658","3.94714974239654","3.94714974239654",
"Paraguay","288","Geographical Outreach: Key Indicators, Number of ATMs per 1000 km2, Number","FCAK_NUM","Value",,,,,,"1.32393657186006","1.97835388874906","2.03372766171659","2.23760382582431","2.63780518499874","2.75862068965517",,
"Palau","565","Geographical Outreach: Key Indicators, Number of ATMs per 1000 km2, Number","FCAK_NUM","Value",,,,"10.8695652173913","10.8695652173913","10.8695652173913","13.0434782608696","13.0434782608696","15.2173913043478","15.2173913043478","17.3913043478261","17.3913043478261",
"Russian Federation","922","Geographical Outreach: Key Indicators, Number of ATMs per 1000 km2, Number","FCAK_NUM","Value","1.20485458051685","1.6957657439326","2.41028371435864","3.34624923829539","4.5807287961619","5.38124806510646","7.09299151791521","8.66441511717441","10.4970607936681","11.5277827814472","13.6021718435818","12.6700645483539",
"Philippines","566","Geographical Outreach: Key Indicators, Number of ATMs per 1000 km2, Number","FCAK_NUM","Value","18.3418855015595","20.833752557266","23.0304859643827","23.9963779052219","25.9616997015126","28.3663681792266","31.4250259918838","35.7480631854311","41.0001006137438","48.730589931918","52.6377569842707","58.0776067344133",
"Niger","692","Geographical Outreach: Key Indicators, Number of ATMs per 1000 km2, Number","FCAK_NUM","Value",,,,,,,"0.0378937396384306","0.0615773269124497","0.0647351385489855","0.0907870845504066",,,
"Nepal","558","Geographical Outreach: Key Indicators, Number of ATMs per 1000 km2, Number","FCAK_NUM","Value",,,,,,,,"8.90129054761074","9.26403906522497","10.4569236135333","11.5242413672829",,
"Mauritania","682","Geographical Outreach: Key Indicators, Number of ATMs per 1000 km2, Number","FCAK_NUM","Value",,,,,,,,"0.0873192975647618","0.099932084990783","0.142621519355778","0.179489667216455",,
"United Arab Emirates","466","Geographical Outreach: Key Indicators, Number of ATMs per 1000 km2, Number","FCAK_NUM","Value","7.188995215311","18.8516746411483","20.2153110047847","24.6052631578947","29.3421052631579","43.0502392344498","44.9521531100478","49.9043062200957","53.7320574162679","55.7894736842105","57.9784688995215",,
"Uganda","746","Geographical Outreach: Key Indicators, Number of ATMs per 1000 km2, Number","FCAK_NUM","Value","0.760722686552225","1.10104599369401","1.33626945598318","1.6065261998899","2.02692557930034","2.68254842099995","2.98723319369639","3.30640335128665","3.73030121683623","4.45342110512667","4.24396568920806",,
"Tanzania","738","Geographical Outreach: Key Indicators, Number of ATMs per 1000 km2, Number","FCAK_NUM","Value","0.0756378414992098","0.135470760894107","0.156920298035674","0.478663355159178","0.667193497403477","0.900880559945812","1.12327839241364","1.35357868593362","1.53646421314066","1.72273650937006","1.81756604199594",,
"Vietnam","582","Geographical Outreach: Key Indicators, Number of ATMs per 1000 km2, Number","FCAK_NUM","Value","2.71874092946754","5.74063921050085","6.94681846034766","15.5223014158093","24.736349856484","31.3832360434741","36.8723191537395","43.0515690005483","46.0186409520431","49.2308188473571","53.4492211436127",,
"Swaziland","734","Geographical Outreach: Key Indicators, Number of ATMs per 1000 km2, Number","FCAK_NUM","Value","2.55813953488372","4.36046511627907","5.40697674418605","5.87209302325581","7.38372093023256","7.61627906976744","8.95348837209302","9.41860465116279","11.1627906976744","11.9186046511628","14.7674418604651","14.9418604651163",
"Sudan","732","Geographical Outreach: Key Indicators, Number of ATMs per 1000 km2, Number","FCAK_NUM","Value","0","0","0.0366161616161616","0.0841750841750842","0.122895622895623","0.164141414141414","0.286616161616162","0.313552188552189","0.357323232323232","0.380892255892256","0.408249158249158",,
"Spain","184","Geographical Outreach: Key Indicators, Number of ATMs per 1000 km2, Number","FCAK_NUM","Value","107.424175648063","111.422789476848","115.844322417732","122.015187032919","123.189655172414","120.537039265231","118.615627687446","117.100104024966","108.240538973631","103.638471841826","93.8305911517163","92.2652485955899",
"St. Kitts and Nevis","361","Geographical Outreach: Key Indicators, Number of ATMs per 1000 km2, Number","FCAK_NUM","Value",,,,"88.4615384615385","96.1538461538462","107.692307692308","103.846153846154","119.230769230769","123.076923076923","157.692307692308","150","153.846153846154",
"United States","111","Geographical Outreach: Key Indicators, Number of ATMs per 1000 km2, Number","FCAK_NUM","Value","41.8034647759422","43.2223813349167","43.1132339073033","45.3312187838357","44.3999510244419","46.4622811678047",,,,,,,
"Turkey","186","Geographical Outreach: Key Indicators, Number of ATMs per 1000 km2, Number","FCAK_NUM","Value","17.6136585112327","19.2767953432169","21.4557644582462","24.420825591518","28.524095994179","31.1214479685043","35.8665852422593","41.1392487299092","45.0982939854216","52.1185504723049","56.738952483661","60.0548315424295",
"Thailand","578","Geographical Outreach: Key Indicators, Number of ATMs per 1000 km2, Number","FCAK_NUM","Value","19.7674646205641","29.5229892931942","41.2946035350075","48.7345612558476","68.1066374366302","77.2318894478263","87.0441778073558","93.4780481121181","102.237272211239","111.18831842471","121.041711523028","124.288985887373",
"Samoa","862","Geographical Outreach: Key Indicators, Number of ATMs per 1000 km2, Number","FCAK_NUM","Value","4.59363957597173","4.59363957597173","4.59363957597173","6.71378091872791","7.42049469964664","8.48056537102473","10.2473498233216","11.3074204946996","11.660777385159","14.8409893992933","17.6678445229682","17.6678445229682",
"Uzbekistan","927","Geographical Outreach: Key Indicators, Number of ATMs per 1000 km2, Number","FCAK_NUM","Value","0.35496003761166","0.40197461212976","0.40197461212976","0.40197461212976","0.7475317348378","0.853314527503526","1.89703808180536","2.12740949694405","3.33098260460743","4.07381288199342","4.39586271744241","5.5124588622473",
"Vanuatu","846","Geographical Outreach: Key Indicators, Number of ATMs per 1000 km2, Number","FCAK_NUM","Value","0.492206726825267","0.656275635767022","0.656275635767022","1.14848236259229","2.2149302707137","2.78917145200984","3.36341263330599","3.52748154224774","4.34782608695652","4.67596390484003","4.67596390484003",,
"Ukraine","926","Geographical Outreach: Key Indicators, Number of ATMs per 1000 km2, Number","FCAK_NUM","Value","13.9883315496945","19.546756878042","25.403893951947","36.1296670291544","48.2721121314645","49.9516674722088","52.0662155630739","56.9581578402265","62.404198025271","69.6506248705379","63.1706138231029","57.5398743354277",
"Tajikistan","923","Geographical Outreach: Key Indicators, Number of ATMs per 1000 km2, Number","FCAK_NUM","Value",,"0.192912260645899","0.400114318376679","0.628751071734781","0.885967419262647","1.21463275221492","1.57187767933695","2.37925121463275","3.06516147470706","3.9154044012575",,,
"Suriname","366","Geographical Outreach: Key Indicators, Number of ATMs per 1000 km2, Number","FCAK_NUM","Value","0.378205128205128","0.435897435897436","0.557692307692308","0.653846153846154","0.66025641025641","0.814102564102564","0.852564102564103","0.897435897435897","1.03205128205128","1.07051282051282","1.19871794871795",,
"Sri Lanka","524","Geographical Outreach: Key Indicators, Number of ATMs per 1000 km2, Number","FCAK_NUM","Value",,,,"21.8306490192952","26.3753787274757","29.9314303938766","32.2117684579812","36.581087545846","38.5106043693191","40.5676925530218","42.0188167756339",,
"Sweden","144","Geographical Outreach: Key Indicators, Number of ATMs per 1000 km2, Number","FCAK_NUM","Value","6.61890139883999","6.85772773797339","6.86260174489448","7.51815567578106","7.88614319832334","8.08841448554857","8.16639859628601","8.69035434030316","8.38611479353857","7.94667845043453","7.93194874060981",,
"Sierra Leone","724","Geographical Outreach: Key Indicators, Number of ATMs per 1000 km2, Number","FCAK_NUM","Value",,,,,"0.138542532557495","0.193959545580493","0.193959545580493","0.193959545580493","0.193959545580493",,,,
"Slovak Republic","936","Geographical Outreach: Key Indicators, Number of ATMs per 1000 km2, Number","FCAK_NUM","Value","35.3430353430353","38.5446985446985","41.4760914760915","45.031185031185","46.7775467775468","47.3903098357247","48.636959098376","50.0124771252703","52.1543836300116","53.6724338712361","56.292630178007","56.8748960239561",
"Tunisia","744","Geographical Outreach: Key Indicators, Number of ATMs per 1000 km2, Number","FCAK_NUM","Value","3.98429454170958","4.67945417095778","5.35530381050463","7.00308959835221","7.84629248197734","9.1851184346035","10.7427909371782","11.4443872296601","11.9528836251287","12.5643666323378","13.4140061791967",,
"Syrian Arab Republic","463","Geographical Outreach: Key Indicators, Number of ATMs per 1000 km2, Number","FCAK_NUM","Value","0","0","0","0","1.61184927031148","5.1078196471357","5.48385340086043","5.70712846484779","5.85416326308337",,,,
"West Bank and Gaza","487","Geographical Outreach: Key Indicators, Number of ATMs per 1000 km2, Number","FCAK_NUM","Value",,,"24.9169435215947","34.0531561461794","39.8671096345515","50.6644518272425","55.6478405315615","62.7906976744186","72.2591362126246","81.063122923588","91.1960132890366","98.3388704318937",
"Solomon Islands","813","Geographical Outreach: Key Indicators, Number of ATMs per 1000 km2, Number","FCAK_NUM","Value","0.14290818149339","0.14290818149339","0.428724544480171","0.571632725973562","0.714540907466952","0.785994998213648","1.25044658806717","1.28617363344051","1.35762772418721","1.35762772418721","1.39335476956056","1.46480886030725",
"Tonga","866","Geographical Outreach: Key Indicators, Number of ATMs per 1000 km2, Number","FCAK_NUM","Value","19.4444444444444","19.4444444444444","16.6666666666667","16.6666666666667","26.3888888888889","26.3888888888889","25","25","25","25",,,
"Switzerland","146","Geographical Outreach: Key Indicators, Number of ATMs per 1000 km2, Number","FCAK_NUM","Value","136.336032388664","140.49293992611","145.152719082926","150.065796133212","153.988257920842","157.607045247495","161.453588419881","168.514019637615","171.044640145764","172.588318655734","172.411175220164","176.283024597631",
"Sao Tome and Principe","716","Geographical Outreach: Key Indicators, Number of ATMs per 1000 km2, Number","FCAK_NUM","Value",,,,,,,,"19.7916666666667","22.9166666666667","22.9166666666667","27.0833333333333","30.2083333333333",
"Sao Tome and Principe","716","Geographical Outreach: Key Indicators, Number of ATMs per 1000 km2, Number","FCAK_NUM","Status","NA","NA","NA","NA","NA","NA","NA","","","","","",
"Slovenia","961","Geographical Outreach: Key Indicators, Number of ATMs per 1000 km2, Number","FCAK_NUM","Value","68.9672293942403","73.9821251241311","75.571002979146","81.5789473684211","85.948361469712","88.6792452830189","90.0695134061569","91.6087388282026","88.8282025819265","88.1330685203575","84.0119165839126","83.3664349553128",
"Uruguay","298","Geographical Outreach: Key Indicators, Number of ATMs per 1000 km2, Number","FCAK_NUM","Value","4.01668380756485",,,,,"4.48520169123529","5.0622785967318","5.9421780367958","6.45640498228774","6.83921837504285","7.95337675694206","8.42760827334019",
"United Kingdom","112","Geographical Outreach: Key Indicators, Number of ATMs per 1000 km2, Number","FCAK_NUM","Value",,"240.920927541024","249.940065308147","262.373413797379","264.192121688092","257.066093498119","260.972182036126","266.06456413012","273.360062828091","280.920100855619","285.206464679866","291.323936675898",
"South Africa","199","Geographical Outreach: Key Indicators, Number of ATMs per 1000 km2, Number","FCAK_NUM","Value","7.82382181041802","6.7134342876456","7.24183696180828","8.45609146889349","12.2901021358679","14.8719386030715","16.4258216620366","17.2790147474631","17.5213710441929","18.1272617860175","20.8063705083712","22.2093991377392",
"Saudi Arabia","456","Geographical Outreach: Key Indicators, Number of ATMs per 1000 km2, Number","FCAK_NUM","Value","1.90911247668268","2.13426121905949","2.82784959691863","3.50887802427327","4.13687554949783","4.62857435258107","5.06352078671808","5.47334731984612","5.91341077085533","6.45814047606864","7.21778488991436","8.01185287180942",
"St. Lucia","362","Geographical Outreach: Key Indicators, Number of ATMs per 1000 km2, Number","FCAK_NUM","Value","57.3770491803279","57.3770491803279","60.655737704918","67.2131147540984","67.2131147540984","63.9344262295082","96.7213114754098","101.639344262295","104.918032786885","104.918032786885","104.918032786885","103.27868852459",
"Zambia","754","Geographical Outreach: Key Indicators, Number of ATMs per 1000 km2, Number","FCAK_NUM","Value","0.0726402023164153","0.112995870269979","0.178910127927467","0.250205141312097","0.396830734876713","0.579776429599537","0.657797387643094","0.700843433460229","0.864956483138057","1.00082056524839","1.16089804813086","1.29407175237762",
"St. Vincent and the Grenadines","364","Geographical Outreach: Key Indicators, Number of ATMs per 1000 km2, Number","FCAK_NUM","Value","41.025641025641","41.025641025641","43.5897435897436","51.2820512820513","51.2820512820513","48.7179487179487","53.8461538461538","53.8461538461538","41.025641025641","66.6666666666667","66.6666666666667","71.7948717948718",
"Trinidad and Tobago","369","Geographical Outreach: Key Indicators, Number of ATMs per 1000 km2, Number","FCAK_NUM","Value",,,,,"64.1325536062378","69.2007797270955","71.1500974658869","72.5146198830409","74.2690058479532","83.8206627680312","84.6003898635478",,
"Seychelles","718","Geographical Outreach: Key Indicators, Number of ATMs per 1000 km2, Number","FCAK_NUM","Value","45.6521739130435","45.6521739130435","50","52.1739130434783","60.8695652173913","65.2173913043478","67.3913043478261","67.3913043478261","76.0869565217391","98.9010989010989","103.296703296703","105.494505494505",
"Singapore","576","Geographical Outreach: Key Indicators, Number of ATMs per 1000 km2, Number","FCAK_NUM","Value","2332.36574746009","2435.41364296081","2537.46397694525","2794.24460431655","2962.85714285714","3211.42857142857","3676.63817663818","3791.19318181818","3854.10764872521","3857.14285714286","3869.87270155587","3966.05374823197",
"South Sudan","733","Geographical Outreach: Key Indicators, Number of ATMs per 1000 km2, Number","FCAK_NUM","Value",,,,,,,,"0.0543200756135453","0.0589760820947063","0.0682880950570283","0.103984144745929",,
"San Marino","135","Geographical Outreach: Key Indicators, Number of ATMs per 1000 km2, Number","FCAK_NUM","Value",,,,,,,"983.333333333333",,,,"950",,
"Senegal","722","Geographical Outreach: Key Indicators, Number of ATMs per 1000 km2, Number","FCAK_NUM","Value",,,,,,,"1.48548278190412","1.78673453487768","1.95813639432816","1.99968836025554",,,
"Togo","742","Geographical Outreach: Key Indicators, Number of ATMs per 1000 km2, Number","FCAK_NUM","Value",,,,,,,"1.91211619783048","2.20628792057364","3.07041735613164","3.51167494024637",,,
"Zimbabwe","698","Geographical Outreach: Key Indicators, Number of ATMs per 1000 km2, Number","FCAK_NUM","Value",,,"1.33385032958511","1.43466459868166","1.40364482357503","1.50704407393046","1.03399250355435","0.855628796691224","0.966782990823317","0.966782990823317","1.22011115419413",,
